"duplicate_id","author","year","journal","doi","title","pages","volume","number","abstract","isbn","label","source","record_ids"
"sr2_original_21","Pollock N. R.Savage T. J.Wardell H.Lee R. A.Mathew A.Stengelin M.Sigal G. B.",NA,"","10.1128/JCM.03077-20","Correlation of SARS-CoV-2 Nucleocapsid Antigen and RNA Concentrations in Nasopharyngeal Samples from Children and Adults Using an Ultrasensitive and Quantitative Antigen Assay",NA,NA,NA,NA,NA,"original_ft_exclude,elicit_include","original,elicit","sr2_original_21,sr2_elicit_120"
"sr2_original_52","A. Sisay; S. Hartnack; A. Tiruneh; Y. Desalegn; A. Tesfaye; A. F. Desta",NA,"","10.1101/2022.04.25.22274285","Evaluating diagnostic accuracies of Panbio™ COVID-19 rapid antigen test and RT- PCR for the detection of SARS-CoV-2 in Addis Ababa, Ethiopia using Bayesian Latent-Class Models (BLCM)",NA,NA,NA,NA,NA,"original_ft_exclude,elicit_include","original,elicit","sr2_original_52,sr2_elicit_382"
"sr2_original_94","J. Heskin; S. J. C. Pallett; A. Al-Hindawi; G.
W. Davies; M. Rayment; N. Mughal; P. Randell; R. Jones; L. S. P. Moore",NA,"","10.1038/s41598-022-12805-1","Evaluating the performance characteristics of five lateral flow assays for the detection of the SARS-CoV-2 nucleocapsid antigen",NA,NA,NA,NA,NA,"original_ft_exclude,elicit_include","original,elicit","sr2_original_94,sr2_elicit_368"
"sr2_original_97","Albert E.Torres I.Bueno F.Huntley D.Molla E.Fernández-Fuentes MÁMartínez M.Poujois S.Forqué L.Valdivia A.Solano de la Asunción C.Ferrer J.Colomina J.Navarro D.",NA,"","10.1016/j.cmi.2020.11.004","Field evaluation of a rapid antigen test (Panbio™ COVID-19 Ag Rapid Test Device) for COVID-19 diagnosis in primary healthcare centres",NA,NA,NA,NA,NA,"original_ft_exclude,elicit_include","original,elicit","sr2_original_97,sr2_elicit_42"
"sr2_original_99","Berger A.Nsoga M. T. N.Perez-Rodriguez
F. J.Aad Y. A.Sattonnet-Roche P.Gayet- Ageron A.Jaksic C.Torriani G.Boehm E.Kronig I.Sacks J. A.de Vos M.Bausch F. J.Chappuis F.Renzoni A.Kaiser L.Schibler
M.Eckerle I.",NA,"","10.1371/journal.pone.0248921","Diagnostic accuracy of two commercial SARS-CoV-2 antigen-detecting rapid tests at the point of care in community-based testing centers",NA,NA,NA,NA,NA,"original_ft_exclude,elicit_include","original,elicit","sr2_original_99,sr2_elicit_9"
"sr2_original_100","Bianco G.Boattini M.Barbui A. M.Scozzari G.Riccardini F.Coggiola M.Lupia E.Cavallo R.Costa C.",NA,"","10.1016/j.jcv.2021.104838","Evaluation of an antigen-based test for hospital point-of-care diagnosis of SARS-CoV- 2 infection",NA,NA,NA,NA,NA,"original_ft_exclude,elicit_include","original,elicit","sr2_original_100,sr2_elicit_143"
"sr2_original_103","Ciotti M.Maurici M.Pieri M.Andreoni M.Bernardini S.",NA,"","10.1002/jmv.26830","Performance of a rapid antigen test in the diagnosis of SARS-CoV-2 infection",NA,NA,NA,NA,NA,"original_ft_exclude,elicit_include","original,elicit","sr2_original_103,sr2_elicit_54"
"sr2_original_105","Drain PK Ampajwala M",NA,"","10.7326/ACPJ202107200-082","In adults and children, a rapid POC antigen test for COVID-19 (LumiraDx) had ?97% sensitivity and specificity vs. RT-PCR",NA,NA,NA,NA,NA,"original_ft_exclude,elicit_include","original,elicit","sr2_original_105,sr2_elicit_135"
"sr2_original_106","Drain P. K.Ampajwala M.Chappel C.Gvozden A. B.Hoppers M.Wang M.Rosen R.Young S.Zissman E.Montano M.",NA,"","10.1007/s40121-021-00413-x","A Rapid, High-Sensitivity SARS-CoV-2 Nucleocapsid Immunoassay to Aid Diagnosis of Acute COVID-19 at the Point of Care: A Clinical Performance Study",NA,NA,NA,NA,NA,"original_ft_exclude,elicit_include","original,elicit","sr2_original_106,sr2_elicit_41"
"sr2_original_107","Favresse J.Gillot C.Oliveira M.Cadrobbi J.Elsen M.Eucher C.Laffineur K.Rosseels C.Van Eeckhoudt S.Nicolas J. B.Morimont
L.Dogné J. M.Douxfils J.",NA,"","10.3390/jcm10020265","Head-to-head comparison of rapid and automated antigen detection tests for the diagnosis of SARS-CoV-2 infection",NA,NA,NA,NA,NA,"original_ft_exclude,elicit_include","original,elicit","sr2_original_107,sr2_elicit_98"
"sr2_original_111","Möckel M.Corman V. M.Stegemann M. S.Hofmann J.Stein A.Jones T.  C.Gastmeier P.Seybold J.Offermann R.Bachmann U.Lindner T.Bauer W.Drosten
C.Rosen A.Somasundaram R.",NA,"","10.1080/1354750X.2021.1876769","SARS-CoV-2 antigen rapid immunoassay for diagnosis of COVID-19 in the emergency department",NA,NA,NA,NA,NA,"original_ft_exclude,elicit_include","original,elicit","sr2_original_111,sr2_elicit_57"
"sr2_original_116","Landaas E. T.Storm M. L.Tollånes M. C.Barlinn R.Kran A. B.Bragstad K.Christensen A.Andreassen T.",NA,"","10.1016/j.jcv.2021.104789","Diagnostic performance of a SARS-CoV-2 rapid antigen test in a large, Norwegian cohort",NA,NA,NA,NA,NA,"original_ft_exclude,elicit_exclude","original,elicit","sr2_original_116,sr2_elicit_153"
"sr2_original_117","Lefever S.Indevuyst C.Cuypers L.Dewaele K.Yin N.Cotton F.Padalko E.Oyaert M.Descy J.Cavalier E.Van Ranst M.André
E.Lagrou K.Vermeersch P.",NA,"","10.1128/JCM.00374-21","Comparison of the Quantitative DiaSorin Liaison Antigen Test to Reverse Transcription-PCR for the Diagnosis of COVID-19 in Symptomatic and Asymptomatic Outpatients",NA,NA,NA,NA,NA,"original_ft_exclude,elicit_include","original,elicit","sr2_original_117,sr2_elicit_275"
"sr2_original_118","Matsuda E. M.de Campos I. B.de Oliveira I. P.Colpas D. R.Carmo AmdsBrígido L. F.  M.",NA,"","10.1002/jmv.26985","Field evaluation of COVID-19 antigen tests versus RNA based detection: Potential lower sensitivity compensated by immediate results, technical simplicity, and low cost",NA,NA,NA,NA,NA,"original_ft_exclude,elicit_include","original,elicit","sr2_original_118,sr2_elicit_223"
"sr2_original_119","Merino P.Guinea J.Muñoz-Gallego I.González-Donapetry P.Galán J. C.Antona N.Cilla G.Hernáez-Crespo S.Díaz-de Tuesta J. L.Gual-de Torrella A.González- Romo F.Escribano P.Sánchez-Castellano MÁSota-Busselo M.Delgado-Iribarren A.García J.Cantón R.Muñoz P.Folgueira M. D.Cuenca-Estrella M.Oteo-Iglesias J.",NA,"","10.1016/j.cmi.2021.02.001","Multicenter evaluation of the Panbio™ COVID-19 rapid antigen-detection test for the diagnosis of SARS-CoV-2 infection",NA,NA,NA,NA,NA,"original_ft_exclude,elicit_include","original,elicit","sr2_original_119,sr2_elicit_344"
"sr2_original_120","Muhi StephenTayler NickHoang TuyetBallard Susan A.Graham MaryzaRojek AmandaKwong Jason C.Trubiano Jason A.Smibert OliviaDrewett GeorgeJames FionaGardiner EmmaChea SocheataIsles NicoleSait MichellePasricha ShivaniTaiaroa GeorgeMcAuley JulieWilliams EloiseGibney Katherine B.Stinear Timothy P.Bond KatherineLewin Sharon R.Putland MarkHowden Benjamin P.Williamson Deborah A.",NA,"","10.1016/j.lanwpc.2021.100115","Multi-site assessment of rapid, point-of-care antigen testing for the diagnosis of SARS-CoV-2 infection in a low-prevalence setting: A validation and implementation study",NA,NA,NA,NA,NA,"original_ft_exclude,elicit_include","original,elicit","sr2_original_120,sr2_elicit_125"
"sr2_original_121","Nsoga M. T. N.Kronig I.Rodriguez F. J. P.Sattonnet-Roche P.Silva D. D.Helbling J.Sacks J. A.de Vos M.Boehm E.Gayet- Ageron A.Berger A.Jacquerioz-Bausch F.Chappuis F.Kaiser L.Schibler M.Renzoni
A.Eckerle I.",NA,"","10.1371/journal.pone.0253321","Diagnostic accuracy of Panbio rapid antigen tests on oropharyngeal swabs for detection of SARS-CoV-2",NA,NA,NA,NA,NA,"original_ft_exclude,elicit_include","original,elicit","sr2_original_121,sr2_elicit_68"
"sr2_original_125","Porte L.Legarraga P.Vollrath V.Aguilera X.Munita J. M.Araos R.Pizarro G.Vial P.Iruretagoyena M.Dittrich S.Weitzel T.",NA,"","10.1016/j.ijid.2020.05.098","Evaluation of a novel antigen-based rapid detection test for the diagnosis of SARS- CoV-2 in respiratory samples",NA,NA,NA,NA,NA,"original_ft_exclude,elicit_include","original,elicit","sr2_original_125,sr2_elicit_18"
"sr2_original_128","Risti? M.Nikoli? N.?abarkapa V.Turkulov V.Petrovi? V.",NA,"","10.1371/journal.pone.0247606","Validation of the STANDARD Q COVID-19 antigen test in Vojvodina, Serbia",NA,NA,NA,NA,NA,"original_ft_exclude,elicit_include","original,elicit","sr2_original_128,sr2_elicit_144"
"sr2_original_131","Scohy A.Anantharajah A.Bodéus M.Kabamba-Mukadi B.Verroken A.Rodriguez-Villalobos H.",NA,"","10.1016/j.jcv.2020.104455","Low performance of rapid antigen detection test as frontline testing for COVID-19 diagnosis",NA,NA,NA,NA,NA,"original_ft_exclude,elicit_include","original,elicit","sr2_original_131,sr2_elicit_35"
"sr2_original_134","Torres I.Poujois S.Albert E.Álvarez G.Colomina J.Navarro D.",NA,"","10.1016/j.jinf.2021.02.010","Point-of-care evaluation of a rapid antigen test (CLINITEST(?) Rapid COVID-19 Antigen Test) for diagnosis of SARS-CoV-2 infection in symptomatic and asymptomatic individuals",NA,NA,NA,NA,NA,"original_ft_exclude,elicit_include","original,elicit","sr2_original_134,sr2_elicit_180"
"sr2_original_137","J. Agarwal; A. Das; P. Pandey; M. Sen; J.
Garg",NA,"","10.3855/jidc.13925","David vs. Goliath"": A simple antigen detection test with potential to change diagnostic
strategy for SARS-CoV-2""",NA,NA,NA,NA,NA,"original_ft_exclude,elicit_include","original,elicit","sr2_original_137,sr2_elicit_360"
"sr2_original_146","O. S. Cirit; E. Mutlu; B. Sancak; T. Kocagöz; Ö. Can; C. Çicek; A. Arzu Sayiner; Ö. Appak; N. Y. Uyar; C. Külah; A. Ç. Çiçek; O. B. Özgümüs; Y. Ay Altintop; E. Saatçi; T. Karsligil; Y. Zer; N. S. Özen; Y. Çekin; Z. C. Karahan; E. Evren; A. E. Karakoç; S. G. Orhan; D. Mutlu; T. Bozdemir; Y. T. Çayci; C. Çinar; M. Tasbakan; M. Mert; E. Çinar; O. Ö. E. Kutsoylu; S. Kocagöz; A. Ertürk; I. Çelik; A. Ö. Mete; M. Günalp Eneyli; I. Akdemir; T. Karakök; D. Inan; A. Atilla; S. O. Taflan; K.
E. Yörük",NA,"","10.1007/s15010-022-01832-9","Comparison of a novel antigen detection test with reverse transcription polymerase chain reaction assay for laboratory diagnosis of SARS-CoV-2 infection",NA,NA,NA,NA,NA,"original_ft_exclude,elicit_include","original,elicit","sr2_original_146,sr2_elicit_292"
"sr2_original_148","S. Fourati; C. Langendorf; E. Audureau; D. Challine; J. Michel; A. Soulier; N. Ahnou; I. Désveaux; O. Picard; V. Ortonne; A. Gourgeon; C. Mills; F. Hémery; C. Rieux; J.
M. Pawlotsky; N. Malou; S. Chevaliez",NA,"","10.1016/j.jcv.2021.104930","Performance of six rapid diagnostic tests for SARS-CoV-2 antigen detection and implications for practical use",NA,NA,NA,NA,NA,"original_ft_exclude,elicit_include","original,elicit","sr2_original_148,sr2_elicit_131"
"sr2_original_152","R. Kanaujia; A. Ghosh; R. Mohindra; V. Singla; K. Goyal; R. Gudisa; V. Sharma; L. Mohan; N. Kaur; G. K. Mohi; I. Bora; R. K.
Ratho; R. K. Soni; A. Bhalla; M. P. Singh",NA,"","10.1016/j.ijmmb.2021.07.003","Rapid antigen detection kit for the diagnosis of SARS-CoV-2 - are we missing asymptomatic patients?",NA,NA,NA,NA,NA,"original_ft_exclude,elicit_include","original,elicit","sr2_original_152,sr2_elicit_264"
"sr2_original_154","V. Martín?sánchez; T. Fernández?villa; A. Carvajal Urueña; A. Rivero Rodríguez; S. Reguero Celada; G. Sánchez Antolín; J. P. Fernández?vázquez",NA,"","10.3390/jcm10173854","Role of rapid antigen testing in population?based sars?cov?2 screening",NA,NA,NA,NA,NA,"original_ft_exclude,elicit_include","original,elicit","sr2_original_154,sr2_elicit_300"
"sr2_original_156","O. Mboma; E. Rieke; P. Ahmad-Nejad; S. Wirth; M. Aydin",NA,"","10.3390/children8080682","Diagnostic Performance of SARS-CoV-2 Rapid Antigen Test in a Large, German Cohort",NA,NA,NA,NA,NA,"original_ft_exclude,elicit_include","original,elicit","sr2_original_156,sr2_elicit_155"
"sr2_original_157","A. Medoro; S. Davinelli; S. Voccola; G. Cardinale; D. Passarella; N. Marziliano; M. Intrieri",NA,"","10.3390/diagnostics12051279","Assessment of the Diagnostic Performance of a Novel SARS-CoV-2 Antigen Sealing Tube Test Strip (Colloidal Gold) as Point-of-Care Surveillance Test",NA,NA,NA,NA,NA,"original_ft_exclude,elicit_include","original,elicit","sr2_original_157,sr2_elicit_369"
"sr2_original_158","P. Merino-Amador; P. González- Donapetry; M. Domínguez-Fernández; F. González-Romo; M. Sánchez-Castellano;
A. Seoane-Estevez; A. Delgado-Iribarren;
J. García; G. Bou; M. Cuenca-Estrella; J. Oteo-Iglesias",NA,"","10.1016/j.jcv.2021.104961","Clinitest rapid COVID-19 antigen test for the diagnosis of SARS-CoV-2 infection: A multicenter evaluation study",NA,NA,NA,NA,NA,"original_ft_exclude,elicit_include","original,elicit","sr2_original_158,sr2_elicit_206"
"sr2_original_159","A. Mirahmadizadeh; B. S. Yeganeh; J. Hassanzadeh; L. Badiee; M. Vali; Z. Maleki; A. Akbari; T. Pakdel; H. Ghaem",NA,"","10.4274/mjima.galenos.2021.2021.2","Value of rapid antigen test in comparison with reverse transcriptase-polymerase chain reaction method in the diagnosis of covid-19",NA,NA,NA,NA,NA,"original_ft_exclude,elicit_include","original,elicit","sr2_original_159,sr2_elicit_351"
"sr2_original_160","S. L. Mitchell; S. Orris; T. Freeman; M. C. Freeman; M. Adam; M. Axe; J. Gribschaw;
J. Suyama; A. Hoberman; A. Wells",NA,"","10.1186/s12879-021-06716-1","Performance of SARS-CoV-2 antigen testing in symptomatic and asymptomatic adults: a single-center evaluation",NA,NA,NA,NA,NA,"original_ft_exclude,elicit_exclude","original,elicit","sr2_original_160,sr2_elicit_320"
"sr2_original_166","I. Polvere; S. Voccola; S. D’andrea; L. Zerillo; R. Varricchio; J. R. Madera; R. Stilo; P. Vito; T. Zotti",NA,"","10.3390/diagnostics12030650","Evaluation of FAST COVID-19 SARS-CoV-2 Antigen Rapid Test Kit for Detection of SARS-CoV-2 in Respiratory Samples from Mildly Symptomatic or Asymptomatic Patients",NA,NA,NA,NA,NA,"original_ft_exclude,elicit_include","original,elicit","sr2_original_166,sr2_elicit_161"
"sr2_original_168","T. R. Randriamahazo; A. M. Andrianarivelo; A. T. Rakotoarivo; T. M. Raheritiana; L. A. Rakotovao; Z. A. Randriamanantany; A. O. Rakoto Alson; A. Rasamindrakotroka",NA,"","10.1016/j.jviromet.2021.114409","Evaluation of antigen-based rapid detection test for the diagnosis of SARS CoV-2 in low-income countries",NA,NA,NA,NA,NA,"original_ft_exclude,elicit_include","original,elicit","sr2_original_168,sr2_elicit_354"
"sr2_original_169","P. V. Roderick; S. Ewoud; H. Lotty; K. V. Irene; B. Wouter; D. P. Suzan; F. Z. Vivian;
B. L. Esther; H. Marloes; K. Marco; M. Richard; W. Constantijn; H. V. Irene; C. S. Leonard; R. S. N.-I. Carla; G. H. H. Wanda;
H. Susan van den; A. J. K. Jan; H. H. M. v.
d. W. Janneke; G. M. M. Karel",NA,"","10.1016/j.cmi.2022.11.004","Diagnostic accuracy of SARS-CoV-2 rapid antigen self-tests in asymptomatic individuals in the Omicron period: cross sectional study",NA,NA,NA,NA,NA,"original_ft_exclude,elicit_include","original,elicit","sr2_original_169,sr2_elicit_327"
"sr2_original_171","J. G. Routsias; M. Mavrouli; P. Tsoplou; K.
Dioikitopoulou; A. Tsakris",NA,"","10.1038/s41598-021-02197-z","Diagnostic performance of rapid antigen tests (RATs) for SARS-CoV-2 and their
efficacy in monitoring the infectiousness of COVID-19 patients",NA,NA,NA,NA,NA,"original_ft_exclude,elicit_include","original,elicit","sr2_original_171,sr2_elicit_148"
"sr2_original_177","E. Schuit; I. K. Veldhuijzen; R. P. Venekamp; W. Van Den Bijllaardt; S. D. Pas; E. B. Lodder; R. Molenkamp; C. H. Geurtsvankessel; J. Velzing; R. C. Huisman; L. Brouwer; T. L. Boelsums; G. J. Sips; K. S. M. Benschop; L. Hooft; J. H. H.
M. Van De Wijgert; S. Van Den Hof; K. G.
M. Moons",NA,"","10.1136/bmj.n1676","Diagnostic accuracy of rapid antigen tests in asymptomatic and presymptomatic close contacts of individuals with confirmed SARS-CoV-2 infection: Cross sectional study",NA,NA,NA,NA,NA,"original_ft_exclude,elicit_include","original,elicit","sr2_original_177,sr2_elicit_59"
"sr2_original_184","A. Berger; M. T. N. Nsoga; F. J. Perez- Rodriguez; Y. A. Aad; P. Sattonnet-Roche;
A. Gayet-Ageron; C. Jaksic; G. Torriani; E. Boehm; I. Kronig; J. A. Sacks; M. de Vos;
F. Jacquerioz Bausch; F. Chappuis; A.
Renzoni; L. Kaiser; M. Schibler; I. Eckerle",NA,"","10.1371/journal.pone.0248921","Diagnostic accuracy of two commercial SARSCoV- 2 antigen-detecting rapid tests at the point of care in community-based testing centers",NA,NA,NA,NA,NA,"original_ft_exclude,elicit_include","original,elicit","sr2_original_184,sr2_elicit_9"
"sr2_original_193","M. C. Montalvo Villalba; E. Sosa Glaria; L.
L. A. Rodriguez Lay; O. Valdés Ramirez; D. Vallina García; A. Arencibia Garcia; J. Martinez Alfonso; D. M. Menes Llerena; L. Torres Pérez; S. R. Resik Aguirre; M. G.
Guzman Tirado",NA,"","10.1002/jmv.27412","Performance evaluation of Elecsys SARS-CoV-2 Antigen immunoassay for diagnostic of COVID-19",NA,NA,NA,NA,NA,"original_ft_exclude,elicit_include","original,elicit","sr2_original_193,sr2_elicit_230"
"sr2_original_197","Möckel M.Corman V. M.Stegemann M. S.Hofmann J.Stein A.Jones T.  C.Gastmeier P.Seybold J.Offermann R.Bachmann U.Lindner T.Bauer W.Drosten C.Rosen A.Somasundaram R.",NA,"","10.1080/1354750X.2021.1876769","SARS-CoV-2 antigen rapid immunoassay for diagnosis of COVID-19 in the emergency department",NA,NA,NA,NA,NA,"original_ft_exclude,elicit_include","original,elicit","sr2_original_197,sr2_elicit_57"
"sr2_original_198","A. Farhana; D. Zahoor; S. Wani; R. A. Khan; R. Nasir; F. Kanth",NA,"","10.1016/j.ijmmb.2022.06.007","Diagnostic utility and performance of rapid antigen test in SARS CoV- 2 in symptomatic and asymptomatic patients during the second pandemic wave in Kashmir, North India",NA,NA,NA,NA,NA,"original_ft_exclude,elicit_include","original,elicit","sr2_original_198,sr2_elicit_389"
"sr2_original_201","Yamayoshi S.Sakai-Tagawa Y.Koga M.Akasaka O.Nakachi I.Koh H.Maeda K.Adachi E.Saito M.Nagai H.Ikeuchi K.Ogura T.Baba R.Fujita K.Fukui T.Ito F.Hattori S. I.Yamamoto K.Nakamoto T.Furusawa Y.Yasuhara A.Ujie M.Yamada S.Ito M.Mitsuya H.Omagari N.Yotsuyanagi H.Iwatsuki-Horimoto K.Imai M.Kawaoka Y.",NA,"","10.3390/v12121420","Comparison of Rapid Antigen Tests for COVID-19",NA,NA,NA,NA,NA,"original_ft_exclude,elicit_include","original,elicit","sr2_original_201,sr2_elicit_99"
"sr2_original_226","Diao B.Wen K.Zhang J.Chen J.Han
C.Chen Y.Wang S.Deng G.Zhou H.Wu Y.",NA,"","10.1016/j.cmi.2020.09.057","Accuracy of a nucleocapsid protein antigen rapid test in the diagnosis of SARS-CoV-2
infection",NA,NA,NA,NA,NA,"original_ft_exclude,elicit_include","original,elicit","sr2_original_226,sr2_elicit_76"
"sr2_original_235","M. Ben Abdelhanin; D. M. Mvumbi; A.
Agathine; N. Nanos; S. Gidenne",NA,"","10.1016/j.jcv.2021.104991","Evaluation of the Elecsys SARS-CoV-2 antigen assay for the detection of SARS-CoV-
2 in nasopharyngeal swabs",NA,NA,NA,NA,NA,"original_ft_exclude,elicit_include","original,elicit","sr2_original_235,sr2_elicit_392"
"sr2_original_238","T. Mueller; J. Kompatscher; M. La Guardia",NA,"","10.1002/jcla.23906","Diagnostic performance of the Elecsys SARS-CoV-2 antigen assay in the clinical routine of a tertiary care hospital: Preliminary results from a single-center evaluation",NA,NA,NA,NA,NA,"original_ft_exclude,elicit_include","original,elicit","sr2_original_238,sr2_elicit_398"
"sr2_original_242","V. T. Chu; N. G. Schwartz; M. A. P. Donnelly; M. R. Chuey; R. Soto; A. R. Yousaf; E. N. Schmitt-Matzen; S. Sleweon;
J. Ruffin; N. Thornburg; J. L. Harcourt; A. Tamin; G. Kim; J. M. Folster; L. J. Hughes;
S. Tong; G. Stringer; B. A. Albanese; S. E. Totten; M. M. Hudziec; S. R. Matzinger; E.
A. Dietrich; S. W. Sheldon; S. Stous; E. C. McDonald; B. Austin; M. E. Beatty; J. E. Staples; M. E. Killerby; C. H. Hsu; J. E.
Tate; H. L. Kirking; A. Matanock",NA,"","10.1001/jamainternmed.2022.1827","Comparison of Home Antigen Testing With RT-PCR and Viral Culture During the Course of SARS-CoV-2 Infection",NA,NA,NA,NA,NA,"original_ft_exclude,elicit_include","original,elicit","sr2_original_242,sr2_elicit_63"
"sr2_original_266","Bohn Mary KathrynLippi GiuseppeHorvath Andrea R.Erasmus RajivGrimmler MatthiasGramegna MaurizioMancini NicasioMueller RobertRawlinson William D.Menezes María ElizabethPatru Maria- MagdalenaRota FabioSethi SunilSingh KrishnaYuen Kwok-YungWang Cheng- BinAdeli Khosrow",NA,"","10.1515/cclm-2021-0455","IFCC interim guidelines on rapid point-of-care antigen testing for SARS-CoV-2 detection in asymptomatic and symptomatic individuals",NA,NA,NA,NA,NA,"original_ft_exclude,elicit_exclude","original,elicit","sr2_original_266,sr2_elicit_132"
"sr2_original_269","Dinnes J Deeks JJ",NA,"","10.7326/ACPJ202012150-069","Rapid antigen and molecular tests had varied sensitivity and ?97% specificity for detecting SARS-CoV-2 infection",NA,NA,NA,NA,NA,"original_ft_exclude,elicit_include","original,elicit","sr2_original_269,sr2_elicit_55"
"sr2_original_303","L. A. Heger; N. Elsen; M. Rieder; N. Gauchel; U. Sommerwerck; C. Bode; D. Duerschmied; M. Oette; I. Ahrens",NA,"","10.1186/s12879-022-07447-7","Clinical analysis on diagnostic accuracy of Bosch Vivalytic SARS-CoV-2 point-of-care test and evaluation of cycle threshold at admission for COVID-19 risk assessment",NA,NA,NA,NA,NA,"original_ft_exclude,elicit_include","original,elicit","sr2_original_303,sr2_elicit_400"
"sr2_original_310","P. A. P. D. K. J. T. Sagar",NA,"","10.1371/journal.pgph.0000358","Diagnostic accuracy of antigen-detection rapid diagnostic tests for diagnosis of COVID-19 in low-and middle-income countries: a systematic review and meta- analysis",NA,NA,NA,NA,NA,"original_ft_exclude,elicit_include","original,elicit","sr2_original_310,sr2_elicit_13"
"sr2_original_312","Y. H. Wang; C. C. Wu; C. H. Bai; S. C. Lu;
Y. P. Yang; Y. Y. Lin; W. Y. Lai; T. W. Lin;
Y. C. Jheng; M. C. Lee; C. C. Chen",NA,"","10.1097/JCMA.0000000000000626","Evaluation of the diagnostic accuracy of COVID-19 antigen tests: A systematic review and meta-analysis",NA,NA,NA,NA,NA,"original_ft_exclude,elicit_include","original,elicit","sr2_original_312,sr2_elicit_22"
"sr2_original_316","Bernard M.Cosentino G.Pieri L.Zachary
P.Buser M.Kbaier L.Giannoli J. M.",NA,"","10.1684/abc.2021.1641","Retrospective analysis of the performance of the SARS-CoV-2 rapid antigen
detection test compared to the reference RT-PCR test",NA,NA,NA,NA,NA,"original_ft_exclude,elicit_include","original,elicit","sr2_original_316,sr2_elicit_425"
"sr2_original_321","Blairon LaurentCupaiolo RobertoThomas IsabellePiteüs SébastienWilmet AlainBeukinga IngridTré-Hardy Marie",NA,"","10.1002/jmv.27108","Efficacy comparison of three rapid antigen tests for SARS-CoV-2 and how viral load impact their performance",NA,NA,NA,NA,NA,"original_ca_exclude,elicit_include","original,elicit","sr2_original_321,sr2_elicit_281"
"sr2_original_322","Bruzzone B.De Pace V.Caligiuri P.Ricucci V.Guarona G.Pennati B. M.Boccotti S.Orsi A.Domnich A.Da Rin G.Icardi G.",NA,"","10.1016/j.ijid.2021.04.072","Comparative diagnostic performance of rapid antigen detection tests for COVID-19 in a hospital setting",NA,NA,NA,NA,NA,"original_ca_exclude,elicit_include","original,elicit","sr2_original_322,sr2_elicit_284"
"sr2_original_323","C.Giaché S.Rzepecki V.Seve A.Gubavu C.Baud K.Le Helloco C.Cassuto G. N.Pialoux G.Hocqueloux L.Prazuck T.",NA,"","10.1002/jmv.26896","High performance of a novel antigen detection test on nasopharyngeal specimens for diagnosing SARS-CoV-2 infection",NA,NA,NA,NA,NA,"original_ca_exclude,elicit_include","original,elicit","sr2_original_323,sr2_elicit_114"
"sr2_original_325","Jääskeläinen A. E.Ahava M. J.Jokela P.Szirovicza L.Pohjala S.Vapalahti O.Lappalainen M.Hepojoki J.Kurkela S.",NA,"","10.1016/j.jcv.2021.104785","Evaluation of three rapid lateral flow antigen detection tests for the diagnosis of SARS-CoV-2 infection",NA,NA,NA,NA,NA,"original_ca_exclude,elicit_include","original,elicit","sr2_original_325,sr2_elicit_106"
"sr2_original_326","Karon B. S.Donato L.Bridgeman A. R.Blommel J. H.Kipp B.Maus A.Renuse S.Kemp J.Madugundu A. K.Vanderboom P. M.Chavan S.Dasari S.Singh R. J.Grebe S. K. G.Pandey A.",NA,"","10.1093/clinchem/hvab138","Analytical sensitivity and specificity of four point of care rapid antigen diagnostic tests for SARS-CoV-2 using real-time quantitative PCR, quantitative droplet digital PCR, and a mass spectrometric antigen assay as comparator methods",NA,NA,NA,NA,NA,"original_ca_exclude,elicit_include","original,elicit","sr2_original_326,sr2_elicit_182"
"sr2_original_331","Kweon O. J.Lim Y. K.Kim H. R.Choi Y.Kim M. C.Choi S. H.Chung J. W.Lee
M. K.",NA,"","10.1371/journal.pone.0249972","Evaluation of rapid SARS-CoV-2 antigen tests, AFIAS COVID-19 Ag and ichroma COVID-19 Ag, with serial nasopharyngeal specimens from COVID-19 patients",NA,NA,NA,NA,NA,"original_ca_exclude,elicit_include","original,elicit","sr2_original_331,sr2_elicit_165"
"sr2_original_334","Liotti F. M.Menchinelli G.Lalle E.Palucci I.Marchetti S.Colavita F.La Sorda M.Sberna G.Bordi L.Sanguinetti M.Cattani P.Capobianchi M. R.Posteraro B.",NA,"","10.1016/j.cmi.2020.09.030","Performance of a novel diagnostic assay for rapid SARS-CoV-2 antigen detection in nasopharynx samples",NA,NA,NA,NA,NA,"original_ca_exclude,elicit_include","original,elicit","sr2_original_334,sr2_elicit_66"
"sr2_original_336","Mak G. C.Cheng P. K.Lau S. S.Wong
K. K.Lau C. S.Lam E. T.Chan R.
C.Tsang D. N.",NA,"","10.1016/j.jcv.2020.104500","Evaluation of rapid antigen test for detection of SARS-CoV-2 virus",NA,NA,NA,NA,NA,"original_ca_exclude,elicit_include","original,elicit","sr2_original_336,sr2_elicit_32"
"sr2_original_338","Mboumba Bouassa R. S.Veyer D.Péré H.Bélec L.",NA,"","10.1016/j.ijid.2021.03.051","Analytical performances of the point-of-care SIENNA™ COVID-19 Antigen Rapid Test for the detection of SARS-CoV-2 nucleocapsid protein in nasopharyngeal swabs: A prospective evaluation during the COVID-19 second wave in France",NA,NA,NA,NA,NA,"original_ca_exclude,elicit_include","original,elicit","sr2_original_338,sr2_elicit_211"
"sr2_original_342","Nordgren J.Sharma S.Olsson H.Jämtberg M.Falkeborn T.Svensson L.Hagbom M.",NA,"","10.1016/j.jcv.2021.104846","SARS-CoV-2 rapid antigen test: High sensitivity to detect infectious virus",NA,NA,NA,NA,NA,"original_ca_exclude,elicit_include","original,elicit","sr2_original_342,sr2_elicit_250"
"sr2_original_343","Oh S. M.Jeong H.Chang E.Choe P. G.Kang C. K.Park W. B.Kim T. S.Kwon
W. Y.Oh M. D.Kim N. J.",NA,"","10.1016/j.jcv.2021.104846","Clinical Application of the Standard Q COVID-19 Ag Test for the Detection of SARS- CoV-2 Infection",NA,NA,NA,NA,NA,"original_ca_exclude,elicit_include","original,elicit","sr2_original_343,sr2_elicit_250"
"sr2_original_344","Olearo F.Nörz D.Heinrich F.Sutter J. P.Roedl K.Schultze A.Wiesch J. S. Z.Braun P.Oestereich L.Kreuels B.Wichmann D.Aepfelbacher M.Pfefferle S.Lütgehetmann M.",NA,"","10.1016/j.jcv.2021.104782","Handling and accuracy of four rapid antigen tests for the diagnosis of SARS-CoV-2 compared to RT-qPCR",NA,NA,NA,NA,NA,"original_ca_exclude,elicit_include","original,elicit","sr2_original_344,sr2_elicit_43"
"sr2_original_347","Osterman A.Baldauf H. M.Eletreby M.Wettengel J. M.Afridi S. Q.Fuchs T.Holzmann E.Maier A.Döring J.Grzimek-Koschewa N.Muenchhoff
M.Protzer U.Kaderali L.Keppler O. T.",NA,"","10.1007/s00430-020-00698-8","Evaluation of two rapid antigen tests to detect SARS-CoV-2 in a hospital setting",NA,NA,NA,NA,NA,"original_ca_exclude,elicit_include","original,elicit","sr2_original_347,sr2_elicit_154"
"sr2_original_351","Pérez-García F.Romanyk J.Gómez- Herruz P.Arroyo T.Pérez-Tanoira R.Linares M.Pérez Ranz I.Labrador Ballestero A.Moya Gutiérrez H.Ruiz- Álvarez M. J.Cuadros-González J.",NA,"","10.1016/j.jcv.2021.104781","Diagnostic performance of CerTest and Panbio antigen rapid diagnostic tests to diagnose SARS-CoV-2 infection",NA,NA,NA,NA,NA,"original_ca_exclude,elicit_include","original,elicit","sr2_original_351,sr2_elicit_195"
"sr2_original_352","Pérez-García F.Romanyk J.Moya Gutiérrez H.Labrador Ballestero A.Pérez Ranz I.González Arroyo J.González Ventosa V.Pérez-Tanoira R.Domingo Cruz C.Cuadros-González J.",NA,"","10.1002/jmv.27089","Comparative evaluation of Panbio and SD Biosensor antigen rapid diagnostic tests for COVID-19 diagnosis",NA,NA,NA,NA,NA,"original_ca_exclude,elicit_include","original,elicit","sr2_original_352,sr2_elicit_156"
"sr2_original_359","Uwamino YoshifumiNagata MikaAoki WataruNakagawa TerumichiInose RikaYokota HiromitsuFurusawa YuriSakai-Tagawa YukoIwatsuki- Horimoto KiyokoKawaoka YoshihiroHasegawa NaokiMurata Mitsuru",NA,"","10.1016/j.jiac.2021.04.010","Accuracy of rapid antigen detection test for nasopharyngeal swab specimens and saliva samples in comparison with RT-PCR and viral culture for SARS-CoV-2 detection",NA,NA,NA,NA,NA,"original_ca_exclude,elicit_include","original,elicit","sr2_original_359,sr2_elicit_334"
"sr2_original_360","van der Moeren N.Zwart V. F.Goderski G.Rijkers G. T.Bijllaardt W.Veenemans J.Kluytmans J. A. J. W.Pas S. D.Meijer A.Verweij J. J.Murk J. L. A. N.Stohr J.
J. J. M.",NA,"","10.1016/j.jcv.2021.104909","Performance of the Diasorin SARS-CoV-2 antigen detection assay on the LIAISON XL",NA,NA,NA,NA,NA,"original_ca_exclude,elicit_include","original,elicit","sr2_original_360,sr2_elicit_366"
"sr2_original_361","Van Honacker E.Van Vaerenbergh K.Boel A.De Beenhouwer H.Leroux- Roels I.Cattoir L.",NA,"","10.1016/j.jhin.2021.03.021","Comparison of five SARS-CoV-2 rapid antigen detection tests in a hospital setting and performance of one antigen assay in routine practice: a useful tool to guide isolation precautions?",NA,NA,NA,NA,NA,"original_ca_exclude,elicit_include","original,elicit","sr2_original_361,sr2_elicit_329"
"sr2_original_369","Koeleman J. G. M.Brand H.de Man S. J.Ong D. S. Y.",NA,"","10.1007/s10096-021-04274-7","Clinical evaluation of rapid point-of-care antigen tests for diagnosis of SARS-CoV-2 infection",NA,NA,NA,NA,NA,"original_ca_exclude,elicit_include","original,elicit","sr2_original_369,sr2_elicit_83"
"sr2_original_370","Seynaeve Y.Heylen J.Fontaine C.Maclot F.Meex C.Diep A. N.Donneau
A. F.Hayette M. P.Descy J.",NA,"","10.3390/jcm10132774","Evaluation of Two Rapid Antigenic Tests for the Detection of SARS-CoV-2 in Nasopharyngeal Swabs",NA,NA,NA,NA,NA,"original_ca_exclude,elicit_include","original,elicit","sr2_original_370,sr2_elicit_317"
"sr2_original_373","J. Andreani; J. Lupo; R. Germi; C. Laugier; M. Roccon; S. Larrat; P. Morand; B. Nemoz",NA,"","10.1016/j.jcv.2021.104947","Evaluation of six commercial SARS-CoV-2 rapid antigen tests in nasopharyngeal swabs: Better knowledge for better patient management?",NA,NA,NA,NA,NA,"original_ca_exclude,elicit_include","original,elicit","sr2_original_373,sr2_elicit_268"
"sr2_original_379","V. R. Francis; M. A. R. V. Muthugala",NA,"","10.1371/journal.pone.0262399","Field evaluation of a commercially available COVID-19 rapid antigen test kit",NA,NA,NA,NA,NA,"original_ca_exclude,elicit_include","original,elicit","sr2_original_379,sr2_elicit_91"
"sr2_original_386","C. Leli; L. Di Matteo; F. Gotta; E. Cornaglia; D. Vay; I. Megna; R. E. Pensato; R. Boverio; A. Rocchetti",NA,"","10.1016/j.ijid.2021.07.043","Performance of a SARS-CoV-2 antigen rapid immunoassay in patients admitted to the emergency department",NA,NA,NA,NA,NA,"original_ca_exclude,elicit_include","original,elicit","sr2_original_386,sr2_elicit_210"
"sr2_original_388","F. T. G. Y. B. L. Z. M. P. O. E. J. W. Z.
S. M. A. Lombardo",NA,"","10.3390/covid1040063","Diagnostic Performance of a Rapid Antigen Test Compared with the Reverse Transcription Polymerase Chain Reaction for SARS-CoV-2 Detection in Asymptomatic Individuals Referring to a Drive-in Testing Facility",NA,NA,NA,NA,NA,"original_ca_exclude,elicit_include","original,elicit","sr2_original_388,sr2_elicit_246"
"sr2_original_391","J. Navero-Castillejos; C. Casals- Pascual; S. Narváez; G. Cuesta; J. Carlos Hurtado; M. Fernandez; M. Navarro; A. Peiró-Mestres; M. V. Lasheras; P. Rodriguez; A. Pulgarín;
M. Á. Marcos; J. Vila; M. J. Martínez",NA,"","10.1128/spectrum.02351-21","Diagnostic Performance of Six Rapid Antigen Tests for SARSCoV-2",NA,NA,NA,NA,NA,"original_ca_exclude,elicit_include","original,elicit","sr2_original_391,sr2_elicit_110"
"sr2_original_393","A. Parikh; L. Cooper; D. Frogel; K. Le Benger; C. K. Cooper; V. Parvu",NA,"","10.3389/fpubh.2022.836328","Large-Scale SARS-CoV-2 Antigen Testing With Real-World Specimens",NA,NA,NA,NA,NA,"original_ca_exclude,elicit_include","original,elicit","sr2_original_393,sr2_elicit_363"
"sr2_original_396","U. V. Schneider; M. W. Forsberg; T. D.
Leineweber; C. B. Jensen; K. Ghathian; C. N. Agergaard; K. K. Mortensen; A. Cohen; C. S. Jørgensen; H. Larsen; M. B. Hansen;
U. Saleme; A. Koch; N. S. Kirkby; T. Kallemose; M. L. Schaadt; F. H. Jensen; R. L. Jørgensen; C. M. G. Ma;
N. Steenhard; J. D. Knudsen; J. G.
Lisby",NA,"","10.1016/j.jcv.2022.105214","A nationwide analytical and clinical evaluation of 44 rapid antigen tests for SARS- CoV-2 compared to RT-qPCR",NA,NA,NA,NA,NA,"original_ca_exclude,elicit_include","original,elicit","sr2_original_396,sr2_elicit_258"
"sr2_original_397","T. Seitz; B. Lickefett; M. Traugott; E. Pawelka; M. Karolyi; S. Baumgartner;
S. Jansen-Skoupy; J. Atamaniuk; R. Fritsche-Polanz; J. Asenbaum; C.
Wenisch; M. Födinger; A. Zoufaly",NA,"","10.1007/s11606-022-07448-x","Evaluation of Five Commercial SARS-CoV-2 Antigen Tests in a Clinical Setting",NA,NA,NA,NA,NA,"original_ca_exclude,elicit_include","original,elicit","sr2_original_397,sr2_elicit_208"
"sr2_original_398","E. V. Divisenko; M. A. Nikiforova; A. E. Siniavin; D. A. Ogarkova; A. V. Shagaev; M. A. Semashko; A. P. Tkachuk; O. A. Burgasova; V. A. Gushchin",NA,"","10.3390/v13102012","The Value of Rapid Antigen Tests for Identifying Carriers of Viable SARS-CoV-2",NA,NA,NA,NA,NA,"original_ca_exclude,elicit_include","original,elicit","sr2_original_398,sr2_elicit_387"
"sr2_original_400","R. L. Smith; L. L. Gibson; P. P. Martinez; R. Ke; A. Mirza; M. Conte; N. Gallagher; A. Conte; L. Wang; R. Fredrickson; D. C. Edmonson; M. E. Baughman; K. K. Chiu; H. Choi; T. W. Jensen; K. R. Scardina; S. Bradley; S.
L. Gloss; C. Reinhart; J. Yedetore; A.
N. Owens; J. Broach; B. Barton; P. Lazar; D. Henness; T. Young; A. Dunnett; M. L. Robinson; H. H. Mostafa; A. Pekosz; Y. C. Manabe; W.
J. Heetderks; D. D. McManus; C. B.
Brooke",NA,"","10.1101/2021.03.19.21253964","Longitudinal Assessment of Diagnostic Test Performance Over the Course of Acute SARS-CoV-2 Infection",NA,NA,NA,NA,NA,"original_ca_exclude,elicit_include","original,elicit","sr2_original_400,sr2_elicit_119"
"sr2_original_401","I. Tabain; D. Cucevic; N. Skreb; A. Mrzljak; I. Ferencak; Z. Hruskar; A. Misic; J. Kuzle; A. M. Skoda; H. Jankovic; T. Vilibic-Cavlek",NA,"","10.12998/wjcc.v10.i19.6456","Field evaluation of COVID-19 rapid antigen test: Are rapid antigen tests less reliable among the elderly?",NA,NA,NA,NA,NA,"original_ca_exclude,elicit_include","original,elicit","sr2_original_401,sr2_elicit_405"
"sr2_original_402","J. Wachinger; I. D. Olaru; S. Horner; P. Schnitzler; K. Heeg; C. M. Denkinger",NA,"","10.1016/j.cmi.2021.07.020","The potential of SARS-CoV-2 antigen-detection tests in the screening of asymptomatic persons",NA,NA,NA,NA,NA,"original_ca_exclude,elicit_include","original,elicit","sr2_original_402,sr2_elicit_139"
"sr2_original_403","M. Wölfl-Duchek; F. Bergmann; A. Jorda; M. Weber; M. Müller; T. Seitz;
A. Zoufaly; R. Strassl; M. Zeitlinger; H.
Herkner; H. Schnidar; K. Anderle; U. Derhaschnig",NA,"","10.1128/spectrum.02029-21","Sensitivity and Specificity of SARS-CoV-2 Rapid Antigen Detection Tests Using Oral, Anterior Nasal, and Nasopharyngeal Swabs: a Diagnostic Accuracy Study",NA,NA,NA,NA,NA,"original_ca_exclude,elicit_include","original,elicit","sr2_original_403,sr2_elicit_123"
"sr2_original_408","M. Hagbom; N. Carmona-Vicente; S. Sharma; H. Olsson; M. Jämtberg; Å. Nilsdotter-Augustinsson; J. Sjöwall; J.
Nordgren",NA,"","10.1016/j.heliyon.2022.e08998","Evaluation of SARS-CoV-2 rapid antigen diagnostic tests for saliva samples",NA,NA,NA,NA,NA,"original_ca_exclude,elicit_include","original,elicit","sr2_original_408,sr2_elicit_352"
"sr2_original_417","O. Y. Bello-Chavolla; N. E. Antonio- Villa; L. Fernández-Chirino; E. C. Guerra; C. A. Fermín-Martínez; A. Márquez-Salinas; A. Vargas-Vázquez;
J. P. Bahena-López",NA,"","10.1371/journal.pone.0256447","Diagnostic performance and clinical implications of rapid SARS-CoV-2 antigen testing in Mexico using real-world nationwide COVID-19 registry data",NA,NA,NA,NA,NA,"original_ca_exclude,elicit_include","original,elicit","sr2_original_417,sr2_elicit_353"
"sr2_original_422","E. M. S. M. M. B. G. Q. F. K. Z. L. S. I.
L. W. D. S. S. M. M. G. J. Muthamia",NA,"","10.1101/2021.06.03.21258290","CHARACTERISTICS OF RAPID POINT OF CARE SARS-CoV-2 ANTIGEN TESTING IN KENYA",NA,NA,NA,NA,NA,"original_ca_exclude,elicit_include","original,elicit","sr2_original_422,sr2_elicit_399"
"sr2_original_426","A. Kritikos; G. Caruana; R. Brouillet; J.-
P. Miroz; S. Abed-Maillard; G. Stieger;
O. Opota; A. Croxatto; P. Vollenweider; P.-A. Bart; J.-D. Chiche; G. Greub",NA,"","10.3390/microorganisms9091910","Sensitivity of Rapid Antigen Testing and RT-PCR Performed on Nasopharyngeal Swabs versus Saliva Samples in COVID-19 Hospitalized Patients: Results of a Prospective Comparative Trial (RESTART)",NA,NA,NA,NA,NA,"original_ca_exclude,elicit_include","original,elicit","sr2_original_426,sr2_elicit_287"
"sr2_original_427","Baro B.Rodo P.Ouchi D.Bordoy A. E.Saya Amaro E. N.Salsench S. V.Molinos S.Alemany A.Ubals M.Corbacho-Monné M.Millat-Martinez P.Marks M.Clotet B.Prat N.Estrada O.Vilar M.Ara J.Vall-Mayans M.G.
Beiras C nullBassat Q.Blanco I.Mitjà O.",NA,"","10.1016/j.jinf.2021.04.009","Performance characteristics of five antigen-detecting rapid diagnostic test (Ag-RDT) for SARS-CoV-2 asymptomatic infection: a head-to-head benchmark comparison",NA,NA,NA,NA,NA,"original_ca_exclude,elicit_include","original,elicit","sr2_original_427,sr2_elicit_191"
"sr2_original_431","Dankova Z.Novakova E.Skerenova M.Holubekova V.Lucansky V.Dvorska D.Brany D.Kolkova Z.Strnadel J.Mersakova S.Janikova K.Samec M.Pokusa M.Petras M.Sarlinova M.Kasubova I.Loderer D.Sadlonova V.Kompanikova J.Kotlebova N.Kompanikova A.Hrnciarova M.Stanclova A.Antosova M.Dzian A.Nosal V.Kocan I.Murgas D.Krkoska D.Calkovska A.Halasova E.",NA,"","10.3390/ijerph18137037","Comparison of sars-cov-2 detection by rapid antigen and by three commercial rt-qpcr tests: A study from martin university hospital in slovakia",NA,NA,NA,NA,NA,"original_ca_exclude,elicit_include","original,elicit","sr2_original_431,sr2_elicit_192"
"sr2_original_434","Yin N.Debuysschere C.Decroly M.Bouazza F. Z.Collot V.Martin C.Ponthieux F.Dahma H.Gilbert
M.Wautier M.Duterme C.De Vos
N.Delforge M. L.Malinverni S.Cotton F.Bartiaux M.Hallin M.",NA,"","10.3389/fmed.2021.650581","SARS-CoV-2 Diagnostic Tests: Algorithm and Field Evaluation From the Near Patient Testing to the Automated Diagnostic Platform",NA,NA,NA,NA,NA,"original_ca_exclude,elicit_include","original,elicit","sr2_original_434,sr2_elicit_218"
"sr2_original_436","F. Cigliano; A. Boccuzzi; V. Basile; A. Ferraro; A. Macciotta; A. Catalano; G. Costa; P. Vineis; C. Sacerdote; V. Caramello",NA,"","10.1093/eurpub/ckab164.813","Are antigen tests useful as screening for the identification of SARS-CoV-2 in emergency rooms?",NA,NA,NA,NA,NA,"original_ca_exclude,elicit_include","original,elicit","sr2_original_436,sr2_elicit_460"
"sr2_original_437","S. Mathew; J. Saunders; J. Petty; R. Davis",NA,"","10.1016/j.pathol.2021.12.278","Verification and implementation of a rapid antigen test for SARS-CoV2 detection in clinical settings in Sydney local health district (SLHD)",NA,NA,NA,NA,NA,"original_ca_exclude,elicit_include","original,elicit","sr2_original_437,sr2_elicit_194"
"sr2_original_441","Y. Akashi; M. Horie; Y. Takeuchi; K. Togashi; Y. Adachi; A. Ueda; S. Notake; K. Nakamura; N. Terada; Y. Kurihara; Y. Kiyasu; H. Suzuki",NA,"J Infect Chemother","10.1016/j.jiac.2022.02.016","A prospective clinical evaluation of the diagnostic accuracy of the SARS-CoV-2 rapid antigen test using anterior nasal samples",NA,NA,NA,NA,NA,"original_data_include,elicit_include","original,elicit","sr2_original_441,sr2_elicit_339"
"sr2_original_442","S. Al-Alawi; H. Al-Hinai; N. Al-Kindi; M. Al-Rashidi; H. Al-Kindi; I. Al-Shukri; A. Al-Rashdi; S. Jose; A. Al-Jardani",NA,"Oman Med J","10.5001/omj.2021.106","Evaluation of Four Rapid Antigen Tests for Detection of SARS-CoV-2 virus",NA,NA,NA,NA,NA,"original_data_include,elicit_include","original,elicit","sr2_original_442,sr2_elicit_112"
"sr2_original_444","M. Alghounaim; H. Bastaki; F. Bin Essa; H. Motlagh; S. Al-Sabah",NA,"Front Med (Lausanne)","10.3389/fmed.2021.797109","The Performance of Two Rapid Antigen Tests During Population-Level Screening for SARS-CoV-2 Infection",NA,NA,NA,NA,NA,"original_data_include,elicit_include","original,elicit","sr2_original_444,sr2_elicit_224"
"sr2_original_448","K. Avgoulea; M. I. Beredaki; S. Vourli; M. Siopi; N. Siafakas; S. Pournaras",NA,"Front Public Health","10.3389/fpubh.2022.840984","Field Evaluation of the New Rapid NG-Test((R)) SARS-CoV-2 Ag for Diagnosis of COVID-19 in the Emergency Department of an Academic Referral Hospital",NA,NA,NA,NA,NA,"original_data_include,elicit_include","original,elicit","sr2_original_448,sr2_elicit_244"
"sr2_original_450","C. M. Bachman; B. D. Grant; C. E. Anderson; L. F. Alonzo; S. Garing; S. A. Byrnes; R. Rivera; S. Burkot; A. Ball; J. W. Stafford; W. Wang; D. Banik; M. D. Keller; D. M. Cate; K. P. Nichols; B. H. Weigl; P. Dewan",NA,"PLoS One","10.1371/journal.pone.0256352","Clinical validation of an open-access SARS-COV-2 antigen detection lateral flow assay, compared to commercially available assays",NA,NA,NA,NA,NA,"original_data_include,elicit_include","original,elicit","sr2_original_450,sr2_elicit_330"
"sr2_original_456","O. Bulilete; P. Lorente; A. Leiva; E. Carandell; A. Oliver; E. Rojo; P. Pericas; J. Llobera; C.-P. C. R. Group",NA,"J Infect","10.1016/j.jinf.2021.02.014","Panbio rapid antigen test for SARS-CoV-2 has acceptable accuracy in symptomatic patients in primary health care",NA,NA,NA,NA,NA,"original_data_include,elicit_include","original,elicit","sr2_original_456,sr2_elicit_197"
"sr2_original_458","J. Bwogi; T. Lutalo; P. Tushabe; H. Bukenya; J. P. Eliku; I. Ssewanyana; S. Nabadda; C. Nsereko; M. Cotten; R. Downing; J. Lutwama; P. Kaleebu; E. P. I. L. team; U. C. T. team",NA,"PLoS One","10.1371/journal.pone.0265334","Field evaluation of the performance of seven Antigen Rapid diagnostic tests for the diagnosis of SARs-CoV-2 virus infection in Uganda",NA,NA,NA,NA,NA,"original_data_include,elicit_include","original,elicit","sr2_original_458,sr2_elicit_332"
"sr2_original_459","G. Caruana; A. Croxatto; E. Kampouri; A. Kritikos; O. Opota; M. Foerster; R. Brouillet; L. Senn; R. Lienhard; A. Egli; G. Pantaleo; P. N. Carron; G. Greub",NA,"Microorganisms","10.3390/microorganisms9040798","Implementing SARS-CoV-2 Rapid Antigen Testing in the Emergency Ward of a Swiss University Hospital: The INCREASE Study",NA,NA,NA,NA,NA,"original_data_include,elicit_include","original,elicit","sr2_original_459,sr2_elicit_166"
"sr2_original_462","A. M. Cattelan; L. Sasset; F. Zabeo; A. Ferrari; L. Rossi; M. Mazzitelli; S. Cocchio; V. Baldo",NA,"Int J Environ Res Public Health","10.3390/ijerph19073826","Rapid Antigen Test LumiraDx(TM) vs. Real Time Polymerase Chain Reaction for the Diagnosis of SARS-CoV-2 Infection: A Retrospective Cohort Study",NA,NA,NA,NA,NA,"original_data_include,elicit_include","original,elicit","sr2_original_462,sr2_elicit_311"
"sr2_original_463","V. Cento; S. Renica; E. Matarazzo; M. Antonello; L. Colagrossi; F. Di Ruscio; A. Pani; D. Fanti; C. Vismara; M. Puoti; F. Scaglione; C. F. Perno; C. Alteri; S. C. V. S. G. On Behalf Of The",NA,"Viruses","10.3390/v13050818","Frontline Screening for SARS-CoV-2 Infection at Emergency Department Admission by Third Generation Rapid Antigen Test: Can We Spare RT-qPCR?",NA,NA,NA,NA,NA,"original_data_include,elicit_include","original,elicit","sr2_original_463,sr2_elicit_286"
"sr2_original_464","F. Cerutti; E. Burdino; M. G. Milia; T. Allice; G. Gregori; B. Bruzzone; V. Ghisetti",NA,"J Clin Virol","10.1016/j.jcv.2020.104654","Urgent need of rapid tests for SARS CoV-2 antigen detection: Evaluation of the SD-Biosensor antigen test for SARS-CoV-2",NA,NA,NA,NA,NA,"original_data_include,elicit_include","original,elicit","sr2_original_464,sr2_elicit_86"
"sr2_original_465","C. Chaimayo; B. Kaewnaphan; N. Tanlieng; N. Athipanyasilp; R. Sirijatuphat; M. Chayakulkeeree; N. Angkasekwinai; R. Sutthent; N. Puangpunngam; T. Tharmviboonsri; O. Pongraweewan; S. Chuthapisith; Y. Sirivatanauksorn; W. Kantakamalakul; N. Horthongkham",NA,"Virol J","10.1186/s12985-020-01452-5","Rapid SARS-CoV-2 antigen detection assay in comparison with real-time RT-PCR assay for laboratory diagnosis of COVID-19 in Thailand",NA,NA,NA,NA,NA,"original_data_include,elicit_include","original,elicit","sr2_original_465,sr2_elicit_80"
"sr2_original_466","C. C. Cheng; C. C. Liu; T. F. Chiu; S. Shiou-Sheng Chen",NA,"Inquiry","10.1177/00469580221105354","Evaluation of a Rapid Antigen Test for the Diagnosis of SARS-CoV-2 during the COVID-19 Pandemic",NA,NA,NA,NA,NA,"original_data_include,elicit_include","original,elicit","sr2_original_466,sr2_elicit_261"
"sr2_original_467","E. Cottone; F. Van Hoecke; G. A. Martens; E. De Laere; R. De Smedt; S. Vervaeke; M. Vanhee; D. De Smet",NA,"Infect Dis (Lond)","10.1080/23744235.2022.2083226","Pitfalls of SARS-CoV-2 antigen testing at emergency department",NA,NA,NA,NA,NA,"original_data_include,elicit_include","original,elicit","sr2_original_467,sr2_elicit_407"
"sr2_original_469","S. Dierks; O. Bader; J. Schwanbeck; U. Gross; M. S. Weig; K. Mese; R. Lugert; W. Bohne; A. Hahn; N. Feltgen; S. Torkieh; F. R. Denker; P. Lauermann; M. W. Storch; H. Frickmann; A. E. Zautner",NA,"J Clin Med","10.3390/jcm10112404","Diagnosing SARS-CoV-2 with Antigen Testing, Transcription-Mediated Amplification and Real-Time PCR",NA,NA,NA,NA,NA,"original_data_include,elicit_include","original,elicit","sr2_original_469,sr2_elicit_279"
"sr2_original_470","P. Escribano; A. E. Sanchez-Pulido; J. Gonzalez-Leiva; I. Valero-Lopez; P. Catalan; P. Munoz; J. Guinea; C.-s. g. H. G. Maranon; C.-s. g. P. c. centre",NA,"Clin Microbiol Infect","10.1016/j.cmi.2022.02.014","Different performance of three point-of-care SARS-CoV-2 antigen detection devices in symptomatic patients and close asymptomatic contacts: a real-life study",NA,NA,NA,NA,NA,"original_data_include,elicit_include","original,elicit","sr2_original_470,sr2_elicit_280"
"sr2_original_471","B. F. Escriva; M. D. O. Mochon; R. M. Gonzalez; C. S. Garcia; A. T. Pla; A. S. Ricart; M. M. Garcia; I. T. Aranda; F. G. Garcia; C. G. Cardona",NA,"J Clin Virol","10.1016/j.jcv.2021.104941","The effectiveness of rapid antigen test-based for SARS-CoV-2 detection in nursing homes in Valencia, Spain""""",NA,NA,NA,NA,NA,"original_data_include,elicit_include","original,elicit","sr2_original_471,sr2_elicit_313"
"sr2_original_474","A. Fernandez-Montero; J. Argemi; J. A. Rodriguez; A. H. Arino; L. Moreno-Galarraga",NA,"EClinicalMedicine","10.1016/j.eclinm.2021.100954","Validation of a rapid antigen test as a screening tool for SARS-CoV-2 infection in asymptomatic populations. Sensitivity, specificity and predictive values",NA,NA,NA,NA,NA,"original_data_include,elicit_include","original,elicit","sr2_original_474,sr2_elicit_183"
"sr2_original_475","T. Ferte; V. Ramel; C. Cazanave; M. E. Lafon; C. Bebear; D. Malvy; A. Georges-Walryck; P. Dehail",NA,"J Clin Virol","10.1016/j.jcv.2021.104878","Accuracy of COVID-19 rapid antigenic tests compared to RT-PCR in a student population: The StudyCov study",NA,NA,NA,NA,NA,"original_data_include,elicit_include","original,elicit","sr2_original_475,sr2_elicit_50"
"sr2_original_476","F. Fitoussi; S. Tonen-Wolyec; N. Awaida; R. Dupont; L. Belec",NA,"Infection","10.1007/s15010-021-01723-5","Analytical performance of the point-of-care BIOSYNEX COVID-19 Ag BSS for the detection of SARS-CoV-2 nucleocapsid protein in nasopharyngeal swabs: a prospective field evaluation during the COVID-19 third wave in France",NA,NA,NA,NA,NA,"original_data_include,elicit_include","original,elicit","sr2_original_476,sr2_elicit_282"
"sr2_original_477","L. Ford; M. J. Whaley; M. M. Shah; P. P. Salvatore; H. E. Segaloff; A. Delaney; D. W. Currie; L. Boyle-Estheimer; M. O'Hegarty; C. N. Morgan; J. Meece; L. Ivacic; N. J. Thornburg; A. Tamin; J. L. Harcourt; J. M. Folster; M. Medrzycki; S. Jain; P. Wong; K. Goffard; D. Gieryn; J. Kahrs; K. Langolf; T. Zochert; J. E. Tate; C. H. Hsu; H. L. Kirking",NA,"J Pediatric Infect Dis Soc","10.1093/jpids/piab081","Antigen Test Performance Among Children and Adults at a SARS-CoV-2 Community Testing Site",NA,NA,NA,NA,NA,"original_data_include,elicit_include","original,elicit","sr2_original_477,sr2_elicit_175"
"sr2_original_477","L. Ford; M. J. Whaley; M. M. Shah; P. P. Salvatore; H. E. Segaloff; A. Delaney; D. W. Currie; L. Boyle-Estheimer; M. O'Hegarty; C. N. Morgan; J. Meece; L. Ivacic; N. J. Thornburg; A. Tamin; J. L. Harcourt; J. M. Folster; M. Medrzycki; S. Jain; P. Wong; K. Goffard; D. Gieryn; J. Kahrs; K. Langolf; T. Zochert; J. E. Tate; C. H. Hsu; H. L. Kirking",NA,"J Pediatric Infect Dis Soc","10.1093/jpids/piab081","Antigen Test Performance Among Children and Adults at a SARS-CoV-2 Community Testing Site",NA,NA,NA,NA,NA,"original_data_include,elicit_include","original,elicit","sr2_original_477,sr2_elicit_464"
"sr2_original_478","M. L. Freire; L. L. Alves; C. S. de Souza; J. W. Saliba; V. Faria; M. J. Pedras; N. O. Carvalho; G. Q. Andrade; A. Rabello; D. M. Avelar; G. Cota",NA,"PLoS One","10.1371/journal.pone.0269997","Performance differences among commercially available antigen rapid tests for COVID-19 in Brazil",NA,NA,NA,NA,NA,"original_data_include,elicit_include","original,elicit","sr2_original_478,sr2_elicit_375"
"sr2_original_484","S. Gonzalez-Fiallo; I. Mena-Rodriguez; P. Castro-Batista; V. M. Doeste-Hernandez; V. Louit-Laborit",NA,"MEDICC Rev","10.37757/mr2022.v24.n2.3","Evaluation of SARS-CoV-2 Rapid Antigen Tests in Use on the Isle of Youth, Cuba",NA,NA,NA,NA,NA,"original_data_include,elicit_include","original,elicit","sr2_original_484,sr2_elicit_419"
"sr2_original_487","C. Holzner; D. Pabst; O. E. Anastasiou; U. Dittmer; R. K. Manegold; J. Risse; D. Fistera; C. Kill; M. Falk",NA,"J Med Virol","10.1002/jmv.27033","SARS-CoV-2 rapid antigen test: Fast-safe or dangerous? An analysis in the emergency department of an university hospital",NA,NA,NA,NA,NA,"original_data_include,elicit_include","original,elicit","sr2_original_487,sr2_elicit_205"
"sr2_original_490","M. Ifko; Z. Tkalcic Svabek; I. Friscic; M. M. Kardum Paro; I. Prkacin; L. Derek; A. Livun; M. Skvarc",NA,"Croat Med J","10.3325/cmj.2021.62.513","Diagnostic validation of two SARS-CoV-2 immunochromatographic tests in Slovenian and Croatian hospitals",NA,NA,NA,NA,NA,"original_data_include,elicit_include","original,elicit","sr2_original_490,sr2_elicit_190"
"sr2_original_491","Z. Igloi; J. Velzing; J. van Beek; D. van de Vijver; G. Aron; R. Ensing; K. Benschop; W. Han; T. Boelsums; M. Koopmans; C. Geurtsvankessel; R. Molenkamp",NA,"Emerg Infect Dis","10.3201/eid2705.204688","Clinical Evaluation of Roche SD Biosensor Rapid Antigen Test for SARS-CoV-2 in Municipal Health Service Testing Site, the Netherlands",NA,NA,NA,NA,NA,"original_data_include,elicit_include","original,elicit","sr2_original_491,sr2_elicit_145"
"sr2_original_492","K. K. Jakobsen; J. S. Jensen; T. Todsen; N. Kirkby; F. Lippert; A. M. Vangsted; M. Klokker; C. von Buchwald",NA,"APMIS","10.1111/apm.13189","Accuracy of anterior nasal swab rapid antigen tests compared with RT-PCR for massive SARS-CoV-2 screening in low prevalence population",NA,NA,NA,NA,NA,"original_data_include,elicit_include","original,elicit","sr2_original_492,sr2_elicit_118"
"sr2_original_495","S. Jegerlehner; F. Suter-Riniker; P. Jent; P. Bittel; M. Nagler",NA,"Int J Infect Dis","10.1016/j.ijid.2021.07.010","Diagnostic accuracy of a SARS-CoV-2 rapid antigen test in real-life clinical settings",NA,NA,NA,NA,NA,"original_data_include,elicit_include","original,elicit","sr2_original_495,sr2_elicit_8"
"sr2_original_496","S. Jegerlehner; F. Suter-Riniker; P. Jent; P. Bittel; M. Nagler",NA,"Int J Infect Dis","10.1016/j.ijid.2022.03.037","Diagnostic accuracy of SARS-CoV-2 saliva antigen testing in a real-life clinical setting",NA,NA,NA,NA,NA,"original_data_include,elicit_include","original,elicit","sr2_original_496,sr2_elicit_305"
"sr2_original_498","M. Kahn; L. Schuierer; C. Bartenschlager; S. Zellmer; R. Frey; M. Freitag; C. Dhillon; M. Heier; A. Ebigbo; C. Denzel; S. Temizel; H. Messmann; M. Wehler; R. Hoffmann; E. Kling; C. Rommele",NA,"BMC Infect Dis","10.1186/s12879-021-06524-7","Performance of antigen testing for diagnosis of COVID-19: a direct comparison of a lateral flow device to nucleic acid amplification based tests",NA,NA,NA,NA,NA,"original_data_include,elicit_include","original,elicit","sr2_original_498,sr2_elicit_174"
"sr2_original_500","D. Kim; J. Lee; J. Bal; S. K. Seo; C. K. Chong; J. H. Lee; H. Park",NA,"Viruses","10.3390/v13050796","Development and Clinical Evaluation of an Immunochromatography-Based Rapid Antigen Test (GenBody COVAG025) for COVID-19 Diagnosis",NA,NA,NA,NA,NA,"original_data_include,elicit_include","original,elicit","sr2_original_500,sr2_elicit_296"
"sr2_original_503","A. Klajmon; A. Olechowska-Jarzab; D. Salamon; A. Sroka-Oleksiak; M. Brzychczy-Wloch; T. Gosiewski",NA,"Viruses","10.3390/v14010017","Comparison of Antigen Tests and qPCR in Rapid Diagnostics of Infections Caused by SARS-CoV-2 Virus",NA,NA,NA,NA,NA,"original_data_include,elicit_include","original,elicit","sr2_original_503,sr2_elicit_184"
"sr2_original_505","N. Kohmer; T. Toptan; C. Pallas; O. Karaca; A. Pfeiffer; S. Westhaus; M. Widera; A. Berger; S. Hoehl; M. Kammel; S. Ciesek; H. F. Rabenau",NA,"J Clin Med","10.3390/jcm10020328","The Comparative Clinical Performance of Four SARS-CoV-2 Rapid Antigen Tests and Their Correlation to Infectivity In Vitro",NA,NA,NA,NA,NA,"original_data_include,elicit_include","original,elicit","sr2_original_505,sr2_elicit_78"
"sr2_original_508","L. J. Kruger; M. Gaeddert; F. Tobian; F. Lainati; C. Gottschalk; J. A. F. Klein; P. Schnitzler; H. G. Krausslich; O. Nikolai; A. K. Lindner; F. P. Mockenhaupt; J. Seybold; V. M. Corman; C. Drosten; N. R. Pollock; B. Knorr; A. Welker; M. de Vos; J. A. Sacks; C. M. Denkinger; t. study",NA,"PLoS One","10.1371/journal.pone.0247918","The Abbott PanBio WHO emergency use listed, rapid, antigen-detecting point-of-care diagnostic test for SARS-CoV-2-Evaluation of the accuracy and ease-of-use",NA,NA,NA,NA,NA,"original_data_include,elicit_include","original,elicit","sr2_original_508,sr2_elicit_137"
"sr2_original_509","L. J. Kruger; J. A. F. Klein; F. Tobian; M. Gaeddert; F. Lainati; S. Klemm; P. Schnitzler; R. Bartenschlager; B. Cerikan; C. J. Neufeldt; O. Nikolai; A. K. Lindner; F. P. Mockenhaupt; J. Seybold; T. C. Jones; V. M. Corman; N. R. Pollock; B. Knorr; A. Welker; M. de Vos; J. A. Sacks; C. M. Denkinger; A.-I. S. Group",NA,"Infection","10.1007/s15010-021-01681-y","Evaluation of accuracy, exclusivity, limit-of-detection and ease-of-use of LumiraDx: An antigen-detecting point-of-care device for SARS-CoV-2",NA,NA,NA,NA,NA,"original_data_include,elicit_include","original,elicit","sr2_original_509,sr2_elicit_234"
"sr2_original_510","L. J. Kruger; A. K. Lindner; M. Gaeddert; F. Tobian; J. Klein; S. Steinke; F. Lainati; P. Schnitzler; O. Nikolai; F. P. Mockenhaupt; J. Seybold; V. M. Corman; T. C. Jones; N. R. Pollock; B. Knorr; A. Welker; S. Weber; N. Sethurarnan; J. Swaminathan; H. Solomon; A. Padmanaban; M. Thirunarayan; P. L; M. de Vos; S. Ongarello; J. A. Sacks; C. Escadafal; C. M. Denkinger",NA,"Microbiol Spectr","10.1128/spectrum.01229-22","A Multicenter Clinical Diagnostic Accuracy Study of SureStatus, an Affordable, WHO Emergency Use-Listed, Rapid, Point-Of-Care Antigen-Detecting Diagnostic Test for SARS-CoV-2",NA,NA,NA,NA,NA,"original_data_include,elicit_include","original,elicit","sr2_original_510,sr2_elicit_309"
"sr2_original_511","L. J. Kruger; A. Tanuri; A. K. Lindner; M. Gaeddert; L. Koppel; F. Tobian; L. E. Brummer; J. A. F. Klein; F. Lainati; P. Schnitzler; O. Nikolai; F. P. Mockenhaupt; J. Seybold; V. M. Corman; T. C. Jones; C. Drosten; C. Gottschalk; S. F. Weber; S. Weber; O. C. Ferreira; D. Mariani; E. R. Dos Santos Nascimento; T. M. Pereira Pinto Castineiras; R. M. Galliez; D. S. Faffe; I. C. Leitao; C. Dos Santos Rodrigues; T. S. Frauches; K. Nocchi; N. M. Feitosa; S. S. Ribeiro; N. R. Pollock; B. Knorr; A. Welker; M. de Vos; J. Sacks; S. Ongarello; C. M. Denkinger; T. Study",NA,"EBioMedicine","10.1016/j.ebiom.2021.103774","Accuracy and ease-of-use of seven point-of-care SARS-CoV-2 antigen-detecting tests: A multi-centre clinical evaluation",NA,NA,NA,NA,NA,"original_data_include,elicit_include","original,elicit","sr2_original_511,sr2_elicit_46"
"sr2_original_514","M. Kyritsi; A. Vontas; I. Voulgaridi; A. Matziri; A. Komnos; D. Babalis; A. Papadogoulas; A. Oikonomou; V. A. Mouchtouri; M. Speletas; C. Hadjichristodoulou",NA,"Int J Environ Res Public Health","10.3390/ijerph18179151","Rapid Test Ag 2019-nCoV (PROGNOSIS, BIOTECH, Larissa, Greece); Performance Evaluation in Hospital Setting with Real Time RT-PCR",NA,NA,NA,NA,NA,"original_data_include,elicit_include","original,elicit","sr2_original_514,sr2_elicit_314"
"sr2_original_522","A. K. Lindner; O. Nikolai; C. Rohardt; F. Kausch; M. Wintel; M. Gertler; S. Burock; M. Horig; J. Bernhard; F. Tobian; M. Gaeddert; F. Lainati; V. M. Corman; T. C. Jones; J. A. Sacks; J. Seybold; C. M. Denkinger; F. P. Mockenhaupt",NA,"J Clin Virol","10.1016/j.jcv.2021.104874","Diagnostic accuracy and feasibility of patient self-testing with a SARS-CoV-2 antigen-detecting rapid test",NA,NA,NA,NA,NA,"original_data_include,elicit_include","original,elicit","sr2_original_522,sr2_elicit_127"
"sr2_original_524","D. K. Mandal; B. R. Bhattarai; S. Pokhrel; M. Chhusyabaga; P. Bhandari; M. P. Bhatt; S. B. Marhattha",NA,"Adv Virol","10.1155/2022/9245248","Diagnostic Performance of SARS-CoV-2 Rapid Antigen Test in relation to RT-PCR C(q) Value",NA,NA,NA,NA,NA,"original_data_include,elicit_include","original,elicit","sr2_original_524,sr2_elicit_160"
"sr2_original_527","M. Masia; M. Fernandez-Gonzalez; M. Sanchez; M. Carvajal; J. A. Garcia; N. Gonzalo-Jimenez; V. Ortiz de la Tabla; V. Agullo; I. Candela; J. Guijarro; J. A. Gutierrez; C. de Gregorio; F. Gutierrez",NA,"Open Forum Infect Dis","10.1093/ofid/ofab059","Nasopharyngeal Panbio COVID-19 Antigen Performed at Point-of-Care Has a High Sensitivity in Symptomatic and Asymptomatic Patients With Higher Risk for Transmission and Older Age",NA,NA,NA,NA,NA,"original_data_include,elicit_include","original,elicit","sr2_original_527,sr2_elicit_228"
"sr2_original_529","I. J. B. Moller; A. R. Utke; U. K. Rysgaard; L. J. Ostergaard; S. Jespersen",NA,"Int J Infect Dis","10.1016/j.ijid.2022.01.019","Diagnostic performance, user acceptability, and safety of unsupervised SARS-CoV-2 rapid antigen-detecting tests performed at home",NA,NA,NA,NA,NA,"original_data_include,elicit_include","original,elicit","sr2_original_529,sr2_elicit_304"
"sr2_original_532","M. Nora; D. Deri; D. S. Veres; Z. Kis; E. Barcsay; B. Palyi",NA,"PLoS One","10.1371/journal.pone.0262399","Evaluating the field performance of multiple SARS-Cov-2 antigen rapid tests using nasopharyngeal swab samples",NA,NA,NA,NA,NA,"original_data_include,elicit_include","original,elicit","sr2_original_532,sr2_elicit_91"
"sr2_original_533","G. A. Okoye; H. I. Kamara; M. Strobeck; T. A. Mellman; J. Kwagyan; A. Sullivan; A. S. Byrd; B. Shokrani; H. E. Mighty",NA,"J Clin Virol","10.1016/j.jcv.2021.105023","Diagnostic accuracy of a rapid diagnostic test for the early detection of COVID-19",NA,NA,NA,NA,NA,"original_data_include,elicit_include","original,elicit","sr2_original_533,sr2_elicit_158"
"sr2_original_536","A. K. Pandey; A. Mohanty; V. Hada; R. S. Rath; S. Kumar; S. Kishore; R. Kant",NA,"Cureus","10.7759/cureus.17405","Comparison of the Rapid Antigen Testing Method With RT-qPCR for the Diagnosis of COVID-19",NA,NA,NA,NA,NA,"original_data_include,elicit_include","original,elicit","sr2_original_536,sr2_elicit_303"
"sr2_original_539","M. Pena; M. Ampuero; C. Garces; A. Gaggero; P. Garcia; M. S. Velasquez; R. Luza; P. Alvarez; F. Paredes; J. Acevedo; M. J. Farfan; S. Solari; R. Soto-Rifo; F. Valiente-Echeverria",NA,"Int J Infect Dis","10.1016/j.ijid.2021.04.087","Performance of SARS-CoV-2 rapid antigen test compared with real-time RT-PCR in asymptomatic individuals",NA,NA,NA,NA,NA,"original_data_include,elicit_include","original,elicit","sr2_original_539,sr2_elicit_129"
"sr2_original_547","W. Rastawicki; R. Gierczynski; G. Juszczyk; K. Mitura; B. M. Henry",NA,"J Med Virol","10.1002/jmv.26765","Evaluation of PCL rapid point of care antigen test for detection of SARS-CoV-2 in nasopharyngeal swabs",NA,NA,NA,NA,NA,"original_data_include,elicit_include","original,elicit","sr2_original_547,sr2_elicit_177"
"sr2_original_548","J. Rohde; W. Himmel; C. Hofinger; T. T. Lam; H. Schrader; J. Wallstabe; O. Kurzai; I. Gagyor",NA,"BMC Prim Care","10.1186/s12875-022-01756-1","Diagnostic accuracy and feasibility of a rapid SARS-CoV-2 antigen test in general practice - a prospective multicenter validation and implementation study",NA,NA,NA,NA,NA,"original_data_include,elicit_include","original,elicit","sr2_original_548,sr2_elicit_45"
"sr2_original_554","R. A. Selvabai; L. V. Koshy; P. Shanmugam",NA,"J Lab Physicians","10.1055/s-0042-1744237","Diagnostic Efficacy of COVID-19 Rapid Antigen Detection Card in Diagnosis of SARS-CoV-2",NA,NA,NA,NA,NA,"original_data_include,elicit_include","original,elicit","sr2_original_554,sr2_elicit_178"
"sr2_original_559","M. Skvarc",NA,"J Infect Dev Ctries","10.3855/jidc.14953","Clinical validation of two immunochromatographic SARS-CoV-2 antigen tests in near hospital facilities",NA,NA,NA,NA,NA,"original_data_include,elicit_include","original,elicit","sr2_original_559,sr2_elicit_260"
"sr2_original_561","R. Soleimani; C. Deckers; T. D. Huang; P. Bogaerts; S. Evrard; I. Wallemme; B. Habib; P. Rouze; O. Denis",NA,"J Med Virol","10.1002/jmv.27094","Rapid COVID-19 antigenic tests: Usefulness of a modified method for diagnosis",NA,NA,NA,NA,NA,"original_data_include,elicit_include","original,elicit","sr2_original_561,sr2_elicit_331"
"sr2_original_567","P. Thakur; S. Saxena; V. Manchanda; N. Rana; R. Goel; R. Arora",NA,"Lab Med","10.1093/labmed/lmab033","Utility of Antigen-Based Rapid Diagnostic Test for Detection of SARS-CoV-2 Virus in Routine Hospital Settings",NA,NA,NA,NA,NA,"original_data_include,elicit_include","original,elicit","sr2_original_567,sr2_elicit_188"
"sr2_original_568","R. Thell; V. Kallab; W. Weinhappel; W. Mueckstein; L. Heschl; M. Heschl; S. Korsatko; F. Toedling; A. Blaschke; T. Herzog; A. Klicpera; C. Koeller; M. Haugk; A. Kreil; A. Spiel; P. Kreuzer; R. Krause; C. Sebesta; S. Winkler; B. Laky; M. Szell",NA,"PLoS One","10.1371/journal.pone.0259527","Evaluation of a novel, rapid antigen detection test for the diagnosis of SARS-CoV-2",NA,NA,NA,NA,NA,"original_data_include,elicit_include","original,elicit","sr2_original_568,sr2_elicit_7"
"sr2_original_574","G. Turcato; A. Zaboli; N. Pfeifer; S. Sibilio; G. Tezza; A. Bonora; L. Ciccariello; D. Ausserhofer",NA,"Am J Emerg Med","10.1016/j.ajem.2021.10.022","Rapid antigen test to identify COVID-19 infected patients with and without symptoms admitted to the Emergency Department",NA,NA,NA,NA,NA,"original_data_include,elicit_include","original,elicit","sr2_original_574,sr2_elicit_226"
"sr2_original_575","N. Van der Moeren; V. F. Zwart; E. B. Lodder; W. Van den Bijllaardt; H. Van Esch; J. Stohr; J. Pot; I. Welschen; P. M. F. Van Mechelen; S. D. Pas; J. Kluytmans",NA,"PLoS One","10.1371/journal.pone.0250886","Evaluation of the test accuracy of a SARS-CoV-2 rapid antigen test in symptomatic community dwelling individuals in the Netherlands",NA,NA,NA,NA,NA,"original_data_include,elicit_include","original,elicit","sr2_original_575,sr2_elicit_140"
"sr2_original_576","E. Van Honacker; K. Van Vaerenbergh; A. Boel; H. De Beenhouwer; I. Leroux-Roels; L. Cattoir",NA,"J Hosp Infect","10.1016/j.jhin.2021.03.021","Comparison of five SARS-CoV-2 rapid antigen detection tests in a hospital setting and performance of one antigen assay in routine practice: a useful tool to guide isolation precautions?",NA,NA,NA,NA,NA,"original_data_include,elicit_include","original,elicit","sr2_original_576,sr2_elicit_329"
"sr2_original_577","T. von Ahnen; M. von Ahnen; U. Wirth; H. M. Schardey; S. Herdtle",NA,"Wien Med Wochenschr","10.1007/s10354-021-00883-1","Evaluation of a rapid-antigen test for COVID-19 in an asymptomatic collective : A prospective study",NA,NA,NA,NA,NA,"original_data_include,elicit_include","original,elicit","sr2_original_577,sr2_elicit_273"
"sr2_original_578","C. Wertenauer; A. Dressel; E. Wieland; H. J. Wertenauer; H. Braitmaier; A. Straub; S. Helfert; N. Lutzner; W. Marz",NA,"Front Med (Lausanne)","10.3389/fmed.2024.1352633","Diagnostic performance of rapid antigen testing for SARS-CoV-2: the COVid-19 AntiGen (COVAG) extension study",NA,NA,NA,NA,NA,"original_data_include,elicit_include","original,elicit","sr2_original_578,sr2_elicit_325"
"sr2_elicit_107","P. Drain, R. Sulaiman, Melanie Hoppers, N. Lindner, V. Lawson, J. Ellis","2021","American Journal of Clinical Pathology","10.1093/ajcp/aqab173","Performance of the LumiraDx Microfluidic Immunofluorescence Point-of-Care SARS-CoV-2 Antigen Test in Asymptomatic Adults and Children","602â€“607","157","4","AbstractObjectivesThe LumiraDx SARS-CoV-2 Ag Test has previously been shown to accurately detect severe acute respiratory syndrome coronavirus 2 (SARS-CoV-2) in individuals symptomatic for coronavirus disease 2019 (COVID-19). This evaluation investigated the LumiraDx SARS-CoV-2 Ag Test as an aid in the diagnosis of SARS-CoV-2 infection in asymptomatic adults and children.MethodsAsymptomatic individuals at high risk of COVID-19 infection were recruited in 5 point-of-care (POC) settings. Two paired anterior nasal swabs were collected from each participant, tested by using the LumiraDx SARS-CoV-2 Ag Test at the POC, and compared with results from reverse transcriptionâ€“polymerase chain reaction (RT-PCR) assays (cobas 6800 [Roche Diagnostics] or TaqPath [Thermo Fisher Scientific]). We calculated positive percent agreement (PPA) and negative percent agreement (NPA), then stratified results on the basis of RT-PCR reference platform and cycle threshold.ResultsOf the 222 included study participants confirmed to be symptom-free for at least 2 weeks before testing, the PPA was 82.1% (95% confidence interval [CI], 64.4%-92.1%). The LumiraDx SARS-CoV-2 Ag Test correctly identified 95.8% (95% CI, 79.8%-99.3%) of the samples confirmed positive in fewer than 33 RT-PCR cycles and 100% (95% CI, 85.1%-100%) in fewer than 30 RT-PCR cycles while maintaining 100% NPA.ConclusionsThis rapid, high-sensitivity test can be used to screen asymptomatic patients for acute SARS-CoV-2 infection in clinic- and community-based settings.","1943-7722","elicit_include, original_ft_exclude","elicit, original","sr2_elicit_107, sr2_original_186"
