"duplicate_id","author","year","journal","doi","title","label","source","pages","volume","number","abstract","isbn"
"sr3_elicit_149","A. Krist, Kristen O’Loughlin, S. Woolf, Roy T. Sabo, J. Hinesley, A. Kuzel, B. Rybarczyk, Paulette Kashiri, E. M. Brooks, R. Glasgow, Amy G. Huebschmann, Winston R. Liaw","2020","Trials","10.1186/s13063-020-04463-3","Enhanced care planning and clinical-community linkages versus usual care to address basic needs of patients with multiple chronic conditions: a clinician-level randomized controlled trial","elicit_ft_include, Excluded","elicit, syrf",NA,NA,NA,"Background\nMany patients with poorly controlled multiple chronic conditions (MCC) also have unhealthy behaviors, mental health challenges, and unmet social needs. Medical management of MCC may have limited benefit if patients are struggling to address their basic life needs. Health systems and communities increasingly recognize the need to address these issues and are experimenting with and investing in new models for connecting patients with needed services. Yet primary care clinicians, whose regular contact with patients makes them more familiar with patients’ needs, are often not included in these systems.\nMethods\nWe are starting a clinician-level cluster-randomized controlled trial to evaluate how primary care clinicians can participate in these community and hospital solutions and whether doing so is effective in controlling MCC. Sixty clinicians in the Virginia Ambulatory Care Outcomes Research Network will be matched by age and sex and randomized to usual care (control condition) or enhanced care planning with clinical-community linkage support (intervention). From the electronic health record we will identify all patients with MCC, including cardiovascular disease or risks, diabetes, obesity, or depression. A baseline assessment will be mailed to up to 50 randomly selected patients for each clinician (3000 total). Ten respondents per clinician (600 patients total) with uncontrolled MCC will be randomly selected for study inclusion, with oversampling of minorities. The intervention includes two components. First, we will use an enhanced care planning tool, My Own Health Report (MOHR), to screen patients for health behavior, mental health, and social needs. Patients will be supported by a patient navigator, who will help patients prioritize needs, create care plans, and write a personal narrative to guide the care team. Patients will update care plans every 1 to 2 weeks. Second, we will create community-clinical linkage to help address patients’ needs. The linkage will include community resource registries, personnel to span settings (patient navigators and a community health worker), and care team coordination across team members through MOHR.\nDiscussion\nThis study will help inform efforts by primary care clinicians to help address unhealthy behaviors, mental health needs, and social risks as a strategy to better control MCC.",NA
"sr3_elicit_171","I. Kinchin, S. Jacups, J. Mann, R. Quigley, Desley Harvey, C. Doran, E. Strivens","2018","Trials","10.1186/s13063-018-3038-0","Efficacy and cost-effectiveness of a community-based model of care for older patients with complex needs: a study protocol for a multicentre randomised controlled trial using a stepped wedge cluster design","elicit_ft_include, Excluded","elicit, syrf",NA,NA,NA,"Background\nCommunity-dwelling older persons with complex care needs may deteriorate rapidly and require hospitalisation if they receive inadequate support for their conditions in the community.\nIntervention\nA comprehensive, multidimensional geriatric assessment with care coordination was performed in a community setting—Older Persons ENablement And Rehabilitation for Complex Health conditions (OPEN ARCH).\nObjectives\nThis study will assess the acceptability and determine the impact of the OPEN ARCH intervention on the health and quality of life outcomes, health and social services utilisation of older people with multiple chronic conditions and emerging complex care needs. An economic evaluation will determine whether OPEN ARCH is cost-effective when compared to the standard care.\nMethods/design\nThis multicentre randomised controlled trial uses a stepped wedge cluster design with repeated cross-sectional samples. General practitioners (GPs; n ≥ 10) will be randomised as ‘clusters’ at baseline using simple randomisation. Each GP cluster will recruit 10–12 participants. Data will be collected on each participant at 3-month intervals (− 3, 0, 3, 6 and 9 months). The primary outcome is health and social service utilisation as measured by Emergency Department presentations, hospital admissions, in-patient bed days, allied health and community support services. Secondary outcomes include functional status, quality of life and participants’ satisfaction. Cost-effectiveness of the intervention will be assessed as the change to cost outcomes, including the cost of implementing the intervention and subsequent use of services, and the change to health benefits represented by quality adjusted life years.\nDiscussion\nThe results will have direct implications for the design and wider implementation of this new model of care for community-dwelling older persons with complex care needs. Additionally, it will contribute to the evidence base on acceptability, efficacy and cost-effectiveness of the intervention for this high-risk group of older people.",NA
"sr3_elicit_172","Andrew P. Costa, C. Schumacher, A. Jones, Darly Dash, Graham Campbell, Mats Junek, G. Agarwal, C. Bell, V. Boscart, S. Bronskill, D. Feeny, P. Hebert, G. Heckman, J. Hirdes, Linda Lee, R. McKelvie, Lori A. Mitchell, S. Sinha, Joy Davis, Tammy Priddle, Joanne Rose, R. Gillan, Deborah Mills, D. Haughton","2019","BMJ Open","10.1136/bmjopen-2019-030301","DIVERT-Collaboration Action Research and Evaluation (CARE) Trial Protocol: a multiprovincial pragmatic cluster randomised trial of cardiorespiratory management in home care","elicit_ft_include, Excluded","elicit, syrf",NA,NA,NA,"Introduction Home care clients are increasingly medically complex, have limited access to effective chronic disease management and have very high emergency department (ED) visitation rates. There is a need for more appropriate and targeted supportive chronic disease management for home care clients. We aim to evaluate the effectiveness and preliminary cost effectiveness of a targeted, person-centred cardiorespiratory management model.\n\nMethods and analysis The Detection of Indicators and Vulnerabilities of Emergency Room Trips (DIVERT) — Collaboration Action Research and Evaluation (CARE) trial is a pragmatic, cluster-randomised, multicentre superiority trial of a flexible multicomponent cardiorespiratory management model based on the best practice guidelines. The trial will be conducted in partnership with three regional, public-sector, home care providers across Canada. The primary outcome of the trial is the difference in time to first unplanned ED visit (hazard rate) within 6 months. Additional secondary outcomes are to identify changes in patient activation, changes in cardiorespiratory symptom frequencies and cost effectiveness over 6 months. We will also investigate the difference in the number of unplanned ED visits, number of inpatient hospitalisations and changes in health-related quality of life. Multilevel proportional hazard and generalised linear models will be used to test the primary and secondary hypotheses. Sample size simulations indicate that enrolling 1100 home care clients across 36 clusters (home care caseloads) will yield a power of 81% given an HR of 0.75.\n\nEthics and dissemination Ethics approval was obtained from the Hamilton Integrated Research Ethics Board as well as each participating site’s ethics board. Results will be submitted for publication in peer-reviewed journals and for presentation at relevant conferences. Home care service partners will also be informed of the study’s results. The results will be used to inform future support strategies for older adults receiving home care services.",NA
"sr3_elicit_174","K. Lee, L. Low, J. Allen, S. Barbier, Lee Beng Ng, M. Ng, W. Tay, S. Tan","2015","International Journal of Integrated Care","10.5334/IJIC.2003","Transitional care for the highest risk patients: findings of a randomised control study","elicit_ft_include, Included","elicit, syrf",NA,NA,NA,"Background: Interventions to prevent readmissions of patients at highest risk have not been rigorously evaluated. We conducted a randomised controlled trial to determine if a post-discharge transitional care programme can reduce readmissions of such patients in Singapore.\n\n\nMethods: We randomised 840 patients with two or more unscheduled readmissions in the prior 90 days and Length of stay, Acuity of admission, Comorbidity of patient, Emergency department utilisation score ≥10 to the intervention programme (n = 419) or control (n = 421). Patients allocated to the intervention group received post-discharge surveillance by a multidisciplinary integrated care team and early review in the clinic. The primary outcome was the proportion of patients with at least one unscheduled readmission within 30 days after discharge.\n\n\nResults: We found no statistically significant reduction in readmissions or emergency department visits in patients on the intervention group compared to usual care. However, patients in the intervention group reported greater patient satisfaction (p < 0.001).\n\n\nConclusion: Any beneficial effect of interventions initiated after discharge is small for high-risk patients with multiple comorbidity and complex care needs. Future transitional care interventions should focus on providing the entire cycle of care for such patients starting from time of admission to final transition to the primary care setting.\n",NA
"sr3_elicit_175","M. Markle-Reid, Kathryn Fisher, Kimberly M. Walker, Marla K. Beauchamp, Jill I. Cameron, David Dayler, Rebecca Fleck, Amiram Gafni, R. Ganann, Ken Hajas, Barbara Koetsier, Robert Mahony, Chris Pollard, Jim Prescott, T. Rooke, C. Whitmore","2023","BMC Geriatrics","10.1186/s12877-023-04403-1","The stroke transitional care intervention for older adults with stroke and multimorbidity: a multisite pragmatic randomized controlled trial","elicit_ft_include, Excluded","elicit, syrf",NA,NA,NA,"Background\nThis study aimed to test, in real-world clinical practice, the effectiveness of a Transitional Care Stroke Intervention (TCSI) compared to usual care on health outcomes, self-management, patient experience, and health and social service use costs in older adults (≥ 55 years) with stroke and multimorbidity (≥ 2 chronic conditions).\nMethods\nThis pragmatic randomized controlled trial (RCT) included older adults discharged from hospital to community with stroke and multimorbidity using outpatient stroke rehabilitation services in two communities in Ontario, Canada. Participants were randomized 1:1 to usual care (control group) or usual care plus the 6-month TCSI (intervention group). The TCSI was delivered virtually by an interprofessional (IP) team, and included care coordination/system navigation support, phone/video visits, monthly IP team conferences, and an online resource to support system navigation. The primary outcome was risk of hospital readmission (all cause) after six-months. Secondary outcomes included physical and mental functioning, stroke self-management, patient experience, and health and social service use costs. The intention-to-treat principle was used to conduct the primary and secondary analyses.\nResults\nNinety participants were enrolled (44 intervention, 46 control); 11 (12%) participants were lost to follow-up, leaving 79 (39 intervention, 40 control). No significant between-group differences were seen for baseline to six-month risk of hospital readmission. Differences favouring the intervention group were seen in the following secondary outcomes: physical functioning (SF-12 PCS mean difference: 5.10; 95% CI: 1.58–8.62, p = 0.005), stroke self-management (Southampton Stroke Self-Management Questionnaire mean difference: 6.00; 95% CI: 0.51—11.50, p = 0.03), and patient experience (Person-Centred Coordinated Care Experiences Questionnaire mean difference: 2.64, 95% CI: 0.81, 4.47, p = 0.005). No between-group differences were found in total healthcare costs or other secondary outcomes.\nConclusions\nAlthough participation in the TCSI did not impact hospital readmissions, there were improvements in physical functioning, stroke self-management and patient experience in older adults with stroke and multimorbidity without increasing total healthcare costs. Challenges associated with the COVID-19 pandemic, including the shift from in-person to virtual delivery, and re-deployment of interventionists could have influenced the results. A larger pragmatic RCT is needed to determine intervention effectiveness in diverse geographic settings and ethno-cultural populations and examine intervention scalability.",NA
"sr3_elicit_177","A. Nikelski, Armin Keller, Fanny Schumacher-Schönert, Terese Dehl, Jessica Laufer, U. Sauerbrey, Diana Wucherer, A. Dreier-Wolfgramm, B. Michalowsky, Ina Zwingmann, H. Vollmar, W. Hoffmann, S. Kreisel, J. Thyrian","2019","Trials","10.1186/s13063-019-3636-5","Supporting elderly people with cognitive impairment during and after hospital stays with intersectoral care management: study protocol for a randomized controlled trial","elicit_ft_include, Excluded","elicit, syrf",NA,NA,NA,"The sectorization of health-care systems leads to inefficient treatment, especially for elderly people with cognitive impairment. The transition from hospital care to primary care is insufficiently coordinated, and communication between health-care providers is often lacking. Consequences include a further deterioration of health, higher rates of hospital readmissions, and institutionalization. Models of collaborative care have shown their efficacy in primary care by improving patient-related outcomes. The main goal of this trial is to compare the effectiveness of a collaborative care model with usual care for people with cognitive impairment who have been admitted to a hospital for treatment due to a somatic illness. The aim of the intervention is to improve the continuity of treatment and care across the transition between the in-hospital and adjoining primary care sectors.\nMethods/design\nThe trial is a longitudinal multisite randomized controlled trial with two arms (care as usual and intersectoral care management). Inclusion criteria at the time of hospital admission due to a somatic illness are age 70+ years, cognitive impairment (Mini Mental State Examination, MMSE ≤26), living at home, and written informed consent. Each participant will have a baseline assessment at the hospital and two follow-up assessments at home (3 and 12 months after discharge). The estimated sample size is n = 398 people with cognitive inmpairement plus their respective informal caregivers (where available).\nIn the intersectoral care management group, specialized care managers will develop, implement, and monitor individualized treatment and care based on comprehensive assessments of the unmet needs of the patients and their informal caregivers. These assessments will occur at the hospital and in participants’ homes. Primary outcomes are (1) activities of daily living, (2) readmission to the hospital, and (3) institutionalization. Secondary outcomes include (a) frailty, (b) delirium, (c) quality of life, (d) cognitive status, (e) behavioral and psychological symptoms of dementia, (f) utilization of services, and (g) informal caregiver burden.\nDiscussion\nIn the event of proving efficacy, this trial will deliver a proof of concept for implementation into routine care. The cost-effectiveness analyses as well as an independent process evaluation will increase the likelihood of meeting this goal. The trial will enable an in-depth analysis of mediating and moderating effects for different health outcomes at the interface between hospital care and primary care. By highlighting treatment and care, the study will provide insights into unmet needs at the time of hospital admission, and the opportunities and barriers to meeting those needs during the hospital stay and after discharge.",NA
"sr3_elicit_18","Christopher R. Freeman, I. Scott, K. Hemming, L. Connelly, C. Kirkpatrick, I. Coombes, J. Whitty, James T Martin, N. Cottrell, N. Sturman, G. Russell, I. Williams, C. Nicholson, S. Kirsa, H. Foot","2021","Medical Journal of Australia","10.5694/mja2.50942","Reducing Medical Admissions and Presentations Into Hospital through Optimising Medicines (REMAIN HOME): a stepped wedge, cluster randomised controlled trial","elicit_ft_include, Included","elicit, syrf",NA,NA,NA,"Objective\n\nTo investigate whether integrating pharmacists into general practices reduces the number of unplanned re-admissions of patients recently discharged from hospital.\n\nDesign, setting\n\nStepped wedge, cluster randomised trial in 14 general practices in southeast Queensland.\n\nParticipants\n\nAdults discharged from one of seven study hospitals during the seven days preceding recruitment (22 May 2017 ‒ 14 March 2018) and prescribed five or more long term medicines, or having a primary discharge diagnosis of congestive heart failure or exacerbation of chronic obstructive pulmonary disease.\n\nIntervention\n\nComprehensive face-to-face medicine management consultation with an integrated practice pharmacist within seven days of discharge, followed by a consultation with their general practitioner and further pharmacist consultations as needed.\n\nMajor outcomes\n\nRates of unplanned, all-cause hospital re-admissions and emergency department (ED) presentations 12 months after hospital discharge; incremental net difference in overall costs.\n\nResults\n\nBy 12 months, there had been 282 re-admissions among 177 control patients (incidence rate [IR], 1.65 per person-year) and 136 among 129 intervention patients (IR, 1.09 per person-year; fully adjusted IR ratio [IRR], 0.79; 95% CI, 0.52‒1.18). ED presentation incidence (fully adjusted IRR, 0.46; 95% CI, 0.22‒0.94) and combined re-admission and ED presentation incidence (fully adjusted IRR, 0.69; 95% CI, 0.48‒0.99) were significantly lower for intervention patients. The estimated incremental net cost benefit of the intervention was $5072 per patient, with a benefit‒cost ratio of 31:1.\n\nConclusion\n\nA collaborative pharmacist‒GP model of post-hospital discharge medicines management can reduce the incidence of hospital re-admissions and ED presentations, achieving substantial cost savings to the health system.",NA
"sr3_elicit_181","T. Freund, F. Peters-Klimm, J. Rochon, C. Mahler, J. Gensichen, A. Erler, M. Beyer, Annika Baldauf, F. Gerlach, J. Szecsenyi","2011","Trials","10.1186/1745-6215-12-163","Primary care practice-based care management for chronically ill patients (PraCMan): study protocol for a cluster randomized controlled trial [ISRCTN56104508]","elicit_ft_include, Excluded","elicit, syrf",NA,NA,NA,"Background\nCare management programmes are an effective approach to care for high risk patients with complex care needs resulting from multiple co-occurring medical and non-medical conditions. These patients are likely to be hospitalized for a potentially ""avoidable"" cause. Nurse-led care management programmes for high risk elderly patients showed promising results. Care management programmes based on health care assistants (HCAs) targeting adult patients with a high risk of hospitalisation may be an innovative approach to deliver cost-efficient intensified care to patients most in need.\nMethods/Design\nPraCMan is a cluster randomized controlled trial with primary care practices as unit of randomisation. The study evaluates a complex primary care practice-based care management of patients at high risk for future hospitalizations. Eligible patients either suffer from type 2 diabetes mellitus, chronic obstructive pulmonary disease, chronic heart failure or any combination. Patients with a high likelihood of hospitalization within the following 12 months (based on insurance data) will be included in the trial.\nDuring 12 months of intervention patients of the care management group receive comprehensive assessment of medical and non-medical needs and resources as well as regular structured monitoring of symptoms. Assessment and monitoring will be performed by trained HCAs from the participating practices. Additionally, patients will receive written information, symptom diaries, action plans and a medication plan to improve self-management capabilities. This intervention is addition to usual care.\nPatients from the control group receive usual care.\nPrimary outcome is the number of all-cause hospitalizations at 12 months follow-up, assessed by insurance claims data. Secondary outcomes are health-related quality of life (SF12, EQ5D), quality of chronic illness care (PACIC), health care utilisation and costs, medication adherence (MARS), depression status and severity (PHQ-9), self-management capabilities and clinical parameters. Data collection will be performed at baseline, 12 and 24 months (12 months post-intervention).\nDiscussion\nPractice-based care management for high risk individuals involving trained HCAs appears to be a promising approach to face the needs of an aging population with increasing care demands.\nTrial registration",NA
"sr3_elicit_20","M. Burns, A. Galbraith, D. Ross-Degnan, Richard B. Balaban","2014","International Journal for Quality in Health Care","10.1093/intqhc/mzu046","Feasibility and evaluation of a pilot community health worker intervention to reduce hospital readmissions.","elicit_ft_include, Excluded","elicit, syrf",NA,NA,NA,"Abstract\nObjective\nTo pilot-test the feasibility and preliminary effect of a community health worker (CHW) intervention to reduce hospital readmissions.\nDesign\nPatient-level randomized quality improvement intervention.\nSetting\nAn academic medical center serving a predominantly low-income population in the Boston, Massachusetts area and 10 affiliated primary care practices.\nParticipants\nMedical service patients with an in-network primary care physician who were discharged to home (n = 423) and had one of five risk factors for readmission within 30 days.\nIntervention\nInpatient introductory visit and weekly post-discharge telephonic support for 4 weeks to assist patient in coordinating medical visits, obtaining and using medications, and in self-management.\nMain Outcome Measures\nNumber of completed CHW contacts; CHW-reported barriers and facilitators to assisting patients; primary care, emergency department and inpatient care use.\nResults\nRoughly 70% of patients received at least one post-discharge CHW call; only 38% of patients received at least four calls as intended. Hospital readmission rates were lower among CHW patients (15.4%) compared with usual care (17.9%); the difference was not statistically significant.\nConclusion\nUnder performance-based payment systems, identifying cost-effective solutions for reducing hospital readmissions will be crucial to the economic survival of all hospitals, especially safety-net systems. This pilot study suggests that with appropriate supportive infrastructure, hospital-based CHWs may represent a feasible strategy for improving transitional care among vulnerable populations. An ongoing, randomized, controlled trial of a CHW intervention, developed according to the lessons of this pilot, will provide further insight into the utility of this approach to reducing readmissions.",NA
"sr3_elicit_201","Richard B. Balaban, Alison Galbraith, Marguerite Burns, Catherine E. Vialle-Valentin, Elisa Friedman, Dennis Ross-degnan","2013","Clinical Medicine Research","10.3121/cmr.2013.1176.c2-1","C2-1: A Randomized Controlled Trial of a Patient Navigator Intervention to Reduce Hospital Readmissions in a Safety Net Health Care System","elicit_ft_include, Included","elicit, syrf",NA,NA,NA,"Abstract\n\nBackground/Aims Poor care coordination at hospital discharge can result in avoidable hospital readmissions. This study’s aim was to evaluate the effect of a community health worker (CHW) intervention, the Patient Navigator (PN), on readmission rates and post-discharge health care use in a safety net population.\n\nMethods This randomized controlled trial began in October 2011 among patients of Cambridge Health Alliance (CHA), an urban safety net health care system. We identified patients discharged from the medical service with lengths of stay 3 days or more, admission in the prior 6 months, age 60+ years, or admission for COPD or congestive heart failure. We randomized patients to the PN intervention or usual care alone. In the PN intervention, a bilingual hospital-based CHW engaged in discharge planning and made outreach phone calls to patients for 30 days after initial discharge and upon subsequent readmission. PNs assisted patients with follow-up appointments, obtaining and taking medications, transportation, financial barriers, and linkages to community resources. Sociodemographic, clinical, and utilization data were obtained from electronic medical records. Primary outcomes were the proportion of patients readmitted within 30 days, number of readmissions per patient, total number of hospital days within 180 days post-discharge, and proportion of patients with a primary care visit or an emergency department (ED) visit within 30 days. The trial will continue through spring 2013.\n\nResults As of October 2012, 423 patients were in the PN group and 513 in the control group. Fewer PN patients (12.1%) were readmitted within 30 days of an index discharge than controls (13.6%). Readmissions per patient were lower in the PN group compared to controls (0.70 vs. 0.81), as were total hospital days (3.42 vs. 3.59). More PN patients than controls had a primary care visit within 30 days (77.1% vs. 68.6%), but similar percentages had an ED visit within 30 days (11.3% vs. 10.9%).\n\nConclusions Preliminary results show a trend toward a reduction in probability of 30-day readmission, number of readmissions, and total hospital days for safety net patients receiving a PN intervention, and a trend toward greater probability of a primary care visit within 30 days of discharge.",NA
"sr3_elicit_235","M. Courtney, H. Edwards, A. Chang, A. Parker, K. Finlayson, K. Hamilton","2011","BMC Health Services Research","10.1186/1472-6963-11-202","A randomised controlled trial to prevent hospital readmissions and loss of functional ability in high risk older adults: a study protocol","elicit_ft_include, Excluded","elicit, syrf",NA,NA,NA,"Background\nOlder people have higher rates of hospital admission than the general population and higher rates of readmission due to complications and falls. During hospitalisation, older people experience significant functional decline which impairs their future independence and quality of life. Acute hospital services comprise the largest section of health expenditure in Australia and prevention or delay of disease is known to produce more effective use of services. Current models of discharge planning and follow-up care, however, do not address the need to prevent deconditioning or functional decline. This paper describes the protocol of a randomised controlled trial which aims to evaluate innovative transitional care strategies to reduce unplanned readmissions and improve functional status, independence, and psycho-social well-being of community-based older people at risk of readmission.\nMethods/Design\nThe study is a randomised controlled trial. Within 72 hours of hospital admission, a sample of older adults fitting the inclusion/exclusion criteria (aged 65 years and over, admitted with a medical diagnosis, able to walk independently for 3 meters, and at least one risk factor for readmission) are randomised into one of four groups: 1) the usual care control group, 2) the exercise and in-home/telephone follow-up intervention group, 3) the exercise only intervention group, or 4) the in-home/telephone follow-up only intervention group. The usual care control group receive usual discharge planning provided by the health service. In addition to usual care, the exercise and in-home/telephone follow-up intervention group receive an intervention consisting of a tailored exercise program, in-home visit and 24 week telephone follow-up by a gerontic nurse. The exercise only and in-home/telephone follow-up only intervention groups, in addition to usual care receive only the exercise or gerontic nurse components of the intervention respectively. Data collection is undertaken at baseline within 72 hours of hospital admission, 4 weeks following hospital discharge, 12 weeks following hospital discharge, and 24 weeks following hospital discharge. Outcome assessors are blinded to group allocation. Primary outcomes are emergency hospital readmissions and health service use, functional status, psychosocial well-being and cost effectiveness.\nDiscussion\nThe acute hospital sector comprises the largest component of health care system expenditure in developed countries, and older adults are the most frequent consumers. There are few trials to demonstrate effective models of transitional care to prevent emergency readmissions, loss of functional ability and independence in this population following an acute hospital admission. This study aims to address that gap and provide information for future health service planning which meets client needs and lowers the use of acute care services.",NA
"sr3_elicit_262","Richard L. Reed, L. Roeger, B. Kaambwa","2024","BMC Health Services Research","10.1186/s12913-024-10799-2","Two-year follow-up of a clustered randomised controlled trial of a multicomponent general practice intervention for people at risk of poor health outcomes","elicit_ft_include, Excluded","elicit, syrf",NA,NA,NA,"Background\nThis study was a two-year follow-up evaluation of health service use and the cost-effectiveness of a multicomponent general practice intervention targeted at people at high risk of poor health outcomes.\nMethods\nA two-year follow-up study of a clustered randomised controlled trial was conducted in South Australia during 2018–19, recruiting 1044 patients from three cohorts: children; adults (aged 18–64 years with two or more chronic diseases); and older adults (aged ≥ 65 years). Intervention group practices (n = 10) provided a multicomponent general practice intervention for 12 months. The intervention comprised patient enrolment to a preferred general practitioner (GP), access to longer GP appointments and timely general practice follow-up after episodes of hospital care. Health service outcomes included hospital use, specialist services and pharmaceuticals. The economic evaluation was based on quality-adjusted life years (QALYs) calculated from EuroQoL 5 dimensions, 5 level utility scores and used an A$50,000 per QALY gained threshold for determining cost-effectiveness.\nResults\nOver the two years, there were no statistically significant intervention effects for health service use. In the total sample, the mean total cost per patient was greater for the intervention than control group, but the number of QALYs gained in the intervention group was higher. The estimated incremental cost-effectiveness ratio (ICER) was A$18,211 per QALY gained, which is lower than the A$50,000 per QALY gained threshold used in Australia. However, the intervention's cost-effectiveness was shown to differ by cohort. For the adult cohort, the intervention was associated with higher costs and lower QALYs gained (vs the total cohort) and was not cost-effective. For the older adults cohort, the intervention was associated with lower costs (A$540 per patient), due primarily to lower hospital costs, and was more effective than usual care.\nConclusions\nThe positive cost-effectiveness results from the 24-month follow-up warrant replication in a study appropriately powered for outcomes such as hospital use, with an intervention period of at least two years, and targeted to older people at high risk of poor health outcomes.",NA
"sr3_elicit_284","Michael Liu, K. Pridham, Jesse Jenkinson, R. Nisenbaum, L. Richard, Cheryl Pedersen, Rebecca Brown, Sareeha Virani, Fred Ellerington, Alyssa Ranieri, Oluwagbenga O. Dada, Matthew J To, Gabriel Fabreau, K. McBrien, V. Stergiopoulos, A. Palepu, Stephen W. Hwang","2022","BMJ Open","10.1136/bmjopen-2022-065688","Navigator programme for hospitalised adults experiencing homelessness: protocol for a pragmatic randomised controlled trial","elicit_ft_include, Excluded","elicit, syrf",NA,NA,NA,"Introduction People experiencing homelessness suffer from poor outcomes after hospitalisation due to systemic barriers to care, suboptimal transitions of care, and intersecting health and social burdens. Case management programmes have been shown to improve housing stability, but their effects on broad posthospital outcomes in this population have not been rigorously evaluated. The Navigator Programme is a Critical Time Intervention case management programme that was developed to help homeless patients with their postdischarge needs and to link them with community-based health and social services. This randomised controlled trial examines the impact of the Navigator Programme on posthospital outcomes among adults experiencing homelessness.\n\nMethods and analysis This is a pragmatic randomised controlled trial testing the effectiveness of the Navigator Programme at an urban academic teaching hospital and an urban community teaching hospital in Toronto, Canada. Six hundred and forty adults experiencing homelessness who are admitted to the hospital will be randomised to receive support from a Homeless Outreach Counsellor for 90 days after hospital discharge or to usual care. The primary outcome is follow-up with a primary care provider (physician or nurse practitioner) within 14 days of hospital discharge. Secondary outcomes include postdischarge mortality or readmission, number of days in hospital, number of emergency department visits, self-reported care transition quality, and difficulties meeting subsistence needs. Quantitative outcomes are being collected over a 180-day period through linked patient-reported and administrative health data. A parallel mixed-methods process evaluation will be conducted to explore intervention context, implementation and mechanisms of impact.",NA
"sr3_elicit_286","Alison Watson, L. Charlesworth, Ruth Jacob, D. Kendrick, P. Logan, Fiona Marshall, A. Montgomery, T. Sach, W. Tan, Maria Walker, J. Waring, D. Whitham, O. Sahota","2015","Trials","10.1186/s13063-015-0551-2","The Community In-Reach and Care Transition (CIRACT) clinical and cost-effectiveness study: study protocol for a randomised controlled trial","elicit_ft_include, Excluded","elicit, syrf",NA,NA,NA,"Background\nOlder people represent a significant proportion of patients admitted to hospital. Their care compared to younger patients is more challenging, length of stay is longer, risk of hospital-acquired problems higher and the risk of being re-admitted within 28 days greater. This study aims to compare a Community In-Reach and Care Transition (CIRACT) service with Traditional Hospital Based rehabilitation (THB-Rehab) provided to the older person. The CIRACT service differs from the THB-rehab service in that they are able to provide more intensive hospital rehabilitation, visiting patients daily, and are able to continue with the patient’s rehabilitation following discharge allowing a seamless, integrated discharge working alongside community providers. A pilot comparing the two services showed that the CIRACT service demonstrated reduced length of stay and reduced re-admission rates when analysed over a four-month period.\nMethods/Design\nThis trial will evaluate the clinical and cost-effectiveness of the CIRACT service, conducted as a randomised controlled trial (RCT) with an integral qualitative mechanism and action study designed to provide the explanatory and theoretical components on how the CIRACT service compares to current practice. The RCT element consists of 240 patients over 70 years of age, being randomised to either the THB therapy group or the CIRACT service following an unplanned hospital admission. The primary outcome will be hospital length of stay from admission to discharge from the general medical elderly care ward. Additional outcome measures including the Barthel Index, Charlson Co-morbidity Scale, EuroQoL-5D and the modified Client Service Receipt Inventory will be assessed at the time of recruitment and repeated at 91 days post-discharge. The qualitative mechanism and action study will involve a systematic programme of organisational profiling, observations of work processes, interviews with key informants and care providers and tracking of participants. In addition, a within-trial economic evaluation will be undertaken comparing the CIRACT and THB-rehab services to determine cost-effectiveness.\nDiscussion\nThe outcome of the study will inform clinical decision-making, with respect to allocation of resources linked to hospital discharge planning and re-admissions, in a resource intensive and growing group of patients.",NA
"sr3_elicit_33","S. Kangovi, N. Mitra, L. Norton, Rory Harte, Xinyi Zhao, Tamala Carter, D. Grande, Judith A. Long","2018","JAMA Internal Medicine","10.1001/jamainternmed.2018.4630","Effect of Community Health Worker Support on Clinical Outcomes of Low-Income Patients Across Primary Care Facilities: A Randomized Clinical Trial","elicit_ft_include, Excluded","elicit, syrf",NA,NA,NA,"Importance  Addressing the social determinants of health has been difficult for health systems to operationalize.\n\nObjective  To assess a standardized intervention, Individualized Management for Patient-Centered Targets (IMPaCT), delivered by community health workers (CHWs) across 3 health systems.\n\nDesign, Setting, and Participants  This 2-armed, single-blind, multicenter randomized clinical trial recruited patients from 3 primary care facilities in Philadelphia, Pennsylvania, between January 28, 2015, and March 28, 2016. Patients who resided in a high-poverty zip code, were uninsured or publicly insured, and who had a diagnosis for 2 or more chronic diseases were recruited, and patients were randomized to either the CHW intervention or the control arm (goal setting only). Follow-up assessments were conducted at 6 and 9 months after enrollment. Data were analyzed using an intention-to-treat approach from June 2017 to March 2018.\n\nIntervention  Participants set a chronic disease management goal with their primary care physician; those randomized to the CHW intervention received 6 months of tailored support.\n\nMain Outcomes and Measures  The primary outcome was change in self-rated physical health. The secondary outcomes were self-rated mental health, chronic disease control, patient activation, patient-reported quality of primary care, and all-cause hospitalization.\n\nResults  Of the 592 participants, 370 (62.5%) were female, with a mean (SD) age of 52.6 (11.1) years. Participants in both arms had similar improvements in self-rated physical health (mean [SD], 1.8 [11.2] vs 1.6 [9.9]; P = .89). Patients in the intervention group were more likely to report the highest quality of care (odds ratio [OR], 1.8; 95% CI, 1.4-2.4; risk difference [RD], 0.12; P < .001) and spent fewer total days in the hospital at 6 months (155 days vs 345 days; absolute event rate reduction, 69%) and 9 months (300 days vs 471 days; absolute event rate reduction, 65%). This reduction was driven by a shorter average length of stay (difference, –3.1 days; 95% CI, –6.33 to 0.22; P = .06) and a lower mean number of hospitalizations (difference, –0.3; 95% CI, –0.6 to 0.0; P = .07) among patients who were hospitalized. Patients in the intervention group had a lower odds of repeat hospitalizations (OR, 0.4; 95% CI, 0.2-0.9; RD, –0.24; P = .02), including 30-day readmissions (OR, 0.3; 95% CI, 0.1-0.9; RD, –0.17; P = .04).\n\nConclusions and Relevance  A standardized intervention did not improve self-rated health but did improve the patient-perceived quality of care while reducing hospitalizations, suggesting that health systems may use a standardized intervention to address the social determinants of health.",NA
"sr3_elicit_349","M. Markle-Reid, Kathryn Fisher, R. Ganann, Chris Pollard, C. Whitmore","2023","Innovation in aging","10.1093/geroni/igad104.2091","AN INTEGRATED TRANSITIONAL CARE INTERVENTION IMPROVES PATIENT-REPORTED OUTCOMES IN OLDER ADULTS WITH STROKE","elicit_ft_include, Excluded","elicit, syrf",NA,NA,NA,"The transition between hospital and home is associated with significant challenges resulting in hospital readmissions and poor health outcomes. This study aimed to test, in real-world clinical practice, the effectiveness of a Transitional Care Stroke Intervention (TCSI) compared to usual care on patient-reported outcomes and health and social service use costs in older adults (> 55 years) with stroke and multimorbidity (> 2 chronic conditions). The TCSI was delivered virtually by an interprofessional (IP) team, and included care coordination/system navigation support, phone/video visits, monthly IP team conferences, and an online resource co-designed with patient partners to support self-management and system navigation. The primary outcome was risk of hospital readmission after six-months. Secondary outcomes included physical and mental functioning, stroke self-management, patient experience, and health and social service costs. Ninety participants were enrolled (44 intervention, 46 control); 11 (12%) participants were lost to follow-up, leaving 79 (39 intervention, 40 control). Differences favoring the intervention group were seen in physical functioning (SF-12 PCS mean difference: 5.10; 95% CI: 1.58-8.62, p=0.005), self-management (Southampton Stroke Self-Management Questionnaire mean difference: 6.00; 95% CI: 0.51—11.50, p=0.03), and patient experience (Person-Centred Coordinated Care Experiences Questionnaire mean difference: 2.64, 95% CI: 0.81, 4.47, p=0.005). No significant between-group differences were seen for baseline to six-month risk of hospital readmission or total health and social service costs. The TCSI produced greater gains in patient-reported physical health, self-management and experience compared with usual stroke care. These improvements were achieved without increasing total healthcare costs.",NA
"sr3_elicit_381","H. Foot, Christopher R. Freeman, K. Hemming, I. Scott, I. Coombes, I. Williams, L. Connelly, J. Whitty, N. Sturman, S. Kirsa, C. Nicholson, G. Russell, C. Kirkpatrick, N. Cottrell","2017","BMJ Open","10.1136/bmjopen-2016-015301","Reducing Medical Admissions into Hospital through Optimising Medicines (REMAIN HOME) Study: protocol for a stepped-wedge, cluster-randomised trial","elicit_ft_include, Excluded","elicit, syrf",NA,NA,NA,"Introduction A model of general practitioner (GP) and pharmacist collaboration in primary care may be an effective strategy to reduce medication-related problems and provide better support to patients after discharge. The aim of this study is to investigate whether a model of structured pharmacist and GP care reduces hospital readmissions in high-risk patients.\n\nMethods and analysis This protocol details a stepped-wedge, cluster-randomised trial that will recruit participants over 9 months with a 12-month follow-up. There will be 14 clusters each representing a different general practice medical centre. A total of 2240 participants will be recruited from hospital who attend an enrolled medical centre, take five or more long-term medicines or whose reason for admission was related to heart failure or chronic obstructive pulmonary disease.\n\nThe intervention is a multifaceted service, involving a pharmacist integrated into a medical centre to assist patients after hospitalisation. Participants will meet with the practice pharmacist and their GP after discharge to review and reconcile their medicines and discuss changes made in hospital. The pharmacist will follow-up with the participant and liaise with other health professionals involved in the participant’s care. The control will be usual care, which usually involves a patient self-organising a visit to their GP after hospital discharge.\n\nThe primary outcome is the rate of unplanned, all-cause hospital readmissions over 12 months, which will be analysed using a mixed effects Poisson regression model with a random effect for cluster and a fixed effect to account for any temporal trend. A cost analysis will be undertaken to compare the healthcare costs associated with the intervention to those of usual care.\n\nEthics and dissemination The study has received ethical approval (HREC/16/QRBW/410). The study findings will be disseminated through peer-reviewed publications, conferences and reports to key stakeholders.",NA
"sr3_elicit_415","J. Ridgeway, E. W. Gerdes, Andrew B Dodge, Chad P. Liedl, Michael B. Juntunen, Wendy J Sundt, A. Glasgow, Michelle A. Lampman, Angela L Fink, Sara Severson, G. Lin, Richard R. Sampson, Robert P. Peterson, Brian M. Murley, A. Klassen, Anuradha Luke, P. Friedman, Tamara E. Buechler, J. Newman, R. McCoy","2023","Trials","10.1186/s13063-022-07034-w","Community paramedic hospital reduction and mitigation program: study protocol for a randomized pragmatic clinical trial","elicit_ft_include, Excluded","elicit, syrf",NA,NA,NA,"Background\nNew patient-centered models of care are needed to individualize care and reduce high-cost care, including emergency department (ED) visits and hospitalizations for low- and intermediate-acuity conditions that could be managed outside the hospital setting. Community paramedics (CPs) have advanced training in low- and high-acuity care and are equipped to manage a wide range of health conditions, deliver patient education, and address social determinants of health in the home setting. The objective of this trial is to evaluate the effectiveness and implementation of the Care Anywhere with Community Paramedics (CACP) program with respect to shortening and preventing acute care utilization.\nMethods\nThis is a pragmatic, hybrid type 1, two-group, parallel-arm, 1:1 randomized clinical trial of CACP versus usual care that includes formative evaluation methods and assessment of implementation outcomes. It is being conducted in two sites in the US Midwest, which include small metropolitan areas and rural areas. Eligible patients are ≥ 18 years old; referred from an outpatient, ED, or hospital setting; clinically appropriate for ambulatory care with CP support; and residing within CP service areas of the referral sites. Aim 1 uses formative data collection with key clinical stakeholders and rapid qualitative analysis to identify potential facilitators/barriers to implementation and refine workflows in the 3-month period before trial enrollment commences (i.e., pre-implementation). Aim 2 uses mixed methods to evaluate CACP effectiveness, compared to usual care, by the number of days spent alive outside of the ED or hospital during the first 30 days following randomization (primary outcome), as well as self-reported quality of life and treatment burden, emergency medical services use, ED visits, hospitalizations, skilled nursing facility utilization, and adverse events (secondary outcomes). Implementation outcomes will be measured using the RE-AIM framework and include an assessment of perceived sustainability and metrics on equity in implementation. Aim 3 uses qualitative methods to understand patient, CP, and health care team perceptions of the intervention and recommendations for further refinement. In an effort to conduct a rigorous evaluation but also speed translation to practice, the planned duration of the trial is 15 months from the study launch to the end of enrollment.\nDiscussion\nThis study will provide robust and timely evidence for the effectiveness of the CACP program, which may pave the way for large-scale implementation. Implementation outcomes will inform any needed refinements and best practices for scale-up and sustainability.",NA
"sr3_elicit_419","A. Galbraith, David J. Meyers, D. Ross-Degnan, M. Burns, Catherine E. Vialle-Valentin, Marc R. Larochelle, Sharon Touw, Fang Zhang, M. Rosenthal, Richard B. Balaban","2017","Health Services Research","10.1111/1475-6773.12790","Long‐Term Impact of a Postdischarge Community Health Worker Intervention on Health Care Costs in a Safety‐Net System","elicit_ft_include, Excluded","elicit, syrf",NA,NA,NA,"Objective\n\nPatient navigators (PNs) may represent a cost-effective strategy to improve transitional care and reduce hospital readmissions. We evaluated the impact of a PN intervention on health system costs in the 180 days after discharge for high-risk patients in a safety-net system.\n\nData Source/Setting\n\nPrimary and secondary data from an academic safety-net health system.\n\nStudy Design\n\nWe compared per-patient utilization and costs, overall and by age, for high-risk, medical service patients randomized to the PN intervention relative to usual care between October 2011 and April 2013. Intervention patients received hospital visits and telephone outreach from PNs for 30 days after every qualifying discharge.\n\nData Collection/Extraction Methods\n\nWe used administrative and electronic encounter data, and a survey of nurses; costs were imputed from the Medicare fee schedule.\n\nPrincipal Findings\n\nTotal costs per patient over the 180 days postindex discharge for those aged ≥60 years were significantly lower for PN patients compared to controls ($5,676 vs. $7,640, p = .03); differences for patients aged <60 ($9,942 vs. $9,046, p = .58) or for the entire cohort ($7,092 vs. $7,953, p = .27) were not significant.\n\nConclusions\n\nPatient navigator interventions may be useful strategies for specific groups of patients in safety-net systems to improve transitional care while containing costs.",NA
"sr3_elicit_470","Sharon M Parker, Parisa Aslani, B. Harris-Roxas, Michael C Wright, Margo Barr, F. Doolan-Noble, Sara Javanparast, Anurag Sharma, Richard H Osborne, John Cullen, Elizabeth Harris, F. Haigh, Mark F Harris, Twitter Ben","2024","BMJ Open","10.1136/bmjopen-2023-077877","Community health navigator-assisted transition of care from hospital to community: protocol for a randomised controlled trial","elicit_ft_include, Excluded","elicit, syrf",NA,NA,NA,"Introduction The objective of this parallel group, randomised controlled trial is to evaluate a community health navigator (CHN) intervention provided to patients aged over 40 years and living with chronic health conditions to transition from hospital inpatient care to their homes. Unplanned hospital readmissions are costly for the health system and negatively impact patients.\n\nMethods and analysis Patients are randomised post hospital discharge to the CHN intervention or usual care. A comparison of outcomes between intervention and control groups will use multivariate regression techniques that adjust for age, sex and any independent variables that are significantly different between the two groups, using multiple imputation for missing values. Time-to-event analysis will examine the relationship between seeing a CHN following discharge from the index hospitalisation and reduced rehospitalisations in the subsequent 60 days and 6 months. Secondary outcomes include medication adherence, health literacy, quality of life, experience of healthcare and health service use (including the cost of care). We will also conduct a qualitative assessment of the implementation of the navigator role from the viewpoint of stakeholders including patients, health professionals and the navigators themselves.",NA
"sr3_elicit_478","B. Buurman, J. Parlevliet, Bob A J van Deelen, R. J. de Haan, Sophia E. de Rooij","2010","BMC Health Services Research","10.1186/1472-6963-10-296","A randomised clinical trial on a comprehensive geriatric assessment and intensive home follow-up after hospital discharge: the Transitional Care Bridge","elicit_ft_include, Excluded","elicit, syrf",NA,NA,NA,"Background\nOlder patients are at high risk for poor outcomes after acute hospital admission. The mortality rate in these patients is approximately 20%, whereas 30% of the survivors decline in their level of activities of daily living (ADL) functioning three months after hospital discharge. Most diseases and geriatric conditions that contribute to poor outcomes could be subject to pro-active intervention; not only during hospitalization, but also after discharge. This paper presents the design of a randomised controlled clinical trial concerning the effect of a pro-active, multi-component, nurse-led transitional care program following patients for six months after hospital admission.\nMethods/Design\nThree hospitals in the Netherlands will participate in the multi-centre, double-blind, randomised clinical trial comparing a pro-active multi-component nurse-led transitional care program to usual care after discharge. All patients acutely admitted to the Department of Internal Medicine who are 65 years and older, hospitalised for at least 48 hours and are at risk for functional decline are invited to participate in the study. All patients will receive integrated geriatric care by a geriatric consultation team during hospital admission. Randomization, which will be stratified by study site and cognitive impairment, will be conducted during admission. The intervention group will receive the transitional care bridge program, consisting of a handover moment with a community care Care Nurse (CN) during hospital admission and five home visits after discharge. The control group will receive 'care as usual' after discharge. The main outcome is the level of ADL functioning six months after discharge compared to premorbid functioning measured with the Katz ADL index. Secondary outcomes include; survival, cognitive functioning, quality of life, and health care utilization, satisfaction of the patient and primary care giver with the transitional care bridge program. All outcomes will be measured at three, six and twelve months after discharge. Approximately 674 patients will be enrolled to either the intervention or control group.\nDiscussion\nThe study will provide new knowledge on a combined intervention of integrated care during hospital admission, a proactive handover moment before discharge and intensive home visits after discharge.",NA
"sr3_elicit_48","D. Liss, R. Ackermann, Andrew J. Cooper, Emily A. Finch, Courtney Hurt, Nicola Lancki, A. Rogers, A. Sheth, C. Teter, C. Schaeffer","2019","Journal of general internal medicine","10.1007/s11606-019-05078-4","Effects of a Transitional Care Practice for a Vulnerable Population: a Pragmatic, Randomized Comparative Effectiveness Trial","elicit_ft_include, Excluded","elicit, syrf",NA,NA,NA,"Background\nThere is limited experimental evidence on transitional care interventions beyond 30 days post-discharge and in vulnerable populations.\n\nObjective\nEvaluate effects of a transitional care practice (TC) that comprehensively addresses patients’ medical and psychosocial needs following hospital discharge.\n\nDesign\nPragmatic, randomized comparative effectiveness trial.\n\nPatients\nAdults discharged from an initial emergency, observation, or inpatient hospital encounter with no trusted usual source of care.\n\nInterventions\nTC intervention included a scheduled post-discharge appointment at the TC practice, where a multidisciplinary team comprehensively assessed patients’ medical and psychosocial needs, addressed modifiable barriers, and subsequent linkage to a new primary care source. Routine Care involved assistance scheduling a post-discharge appointment with a primary care provider that often partnered with the hospital where the initial encounter occurred.\n\nMain Measures\nThe primary outcome was a binary indicator of death or additional hospital encounters within 90 days of initial discharge. Secondary outcomes included any additional hospital encounters, and counts of hospital encounters, over 180 days.\n\nKey Results\nFour hundred ninety patients were randomized to TC intervention and 164 to Routine Care; 34.6% were uninsured, 49.7% had Medicaid, and 57.4% were homeless or lived in a high-poverty area. There was no significant difference between arms in the 90-day probability of death or additional hospital encounters (relative risk [RR] 0.89; 0.91; 95% confidence interval [CI] 0.74–1.13). However, TC patients had 37% and 35% lower probability of any inpatient admission over 90 days (RR 0.63; 95% CI 0.43–0.91) and 180 days (RR 0.65; 95% CI 0.47–0.89), respectively. Over 180 days, TC patients had 42% fewer inpatient admissions (incidence rate ratio 0.58; 95% CI 0.37–0.90).\n\nConclusions\nAmong patients randomized to a patient-centered transitional care intervention, there was no significant reduction in 90-day probability of death or additional hospital encounters. However, there were significant decreases in measures of inpatient admissions over 180 days.",NA
"sr3_elicit_490","S. Samuel, G. Dimitropoulos, Kyleigh Schraeder, S. Klarenbach, A. Nettel-Aguirre, G. Guilcher, D. Pacaud, J. Pinzon, E. Lang, Gail Andrew, L. Zwaigenbaum, Shannon Scott, K. McBrien, L. Hamiwka, A. Mackie","2019","BMJ Open","10.1136/bmjopen-2019-034309","Pragmatic trial evaluating the effectiveness of a patient navigator to decrease emergency room utilisation in transition age youth with chronic conditions: the Transition Navigator Trial protocol","elicit_ft_include, Excluded","elicit, syrf",NA,NA,NA,"Introduction Transition to adult care is a challenging and complex process for youth with special healthcare needs. We aim to compare effectiveness of a patient navigator service in reducing emergency room (ER) use among adolescents with chronic health conditions transitioning to adult care.\n\nMethods and analysis Pragmatic randomised controlled trial parallel group design comparing ER visit rates between patients with access to a personalised navigator intervention compared with usual care. Unit of randomisation is the patient. Treatment assignment will not be blinded. Embedded qualitative study to understand navigator’s role and cost analysis attributable to the intervention will be performed. Patients aged 16–21 years, followed within a chronic disease clinic, expected to be transferred to adult care within 12 months and residing in Alberta during study period will be recruited from three tertiary care paediatric hospitals. Sample size will be 300 in each arm. Navigator intervention over 24 months is designed to assist participants in four domains: transition preparation, health system brokering, socioeconomic determinants of health and self-management. Primary outcome is ER visit rate during observation period. Secondary outcomes are ambulatory and inpatient care utilisation measures, as well as Transition Readiness Assessment Questionnaire score, and Short-Form Health Survey 12 (SF-12) score at 6 and 18 months post-randomisation. Poisson regression will compare rates of ER/urgent care visits between navigator and control participants, using intention to treat principle. Cost analysis of the intervention will be conducted. Thematic analysis will be used to identify perceptions of stakeholders regarding the role of navigators.",NA
"sr3_elicit_60","R. Ganann","2021","International Journal of Integrated Care","10.5334/ijic.icic2063","An integrated hospital-to-home transitional care intervention for older adults with multimorbidity and depressive symptoms: A pragmatic effectiveness-implementation trial","elicit_ft_include, Excluded","elicit, syrf",NA,NA,NA,"Introduction\n\nOlder adults face increased risk of developing multimorbidity as they age, including experiencing higher levels of depressive symptoms compared to those without multimorbidity.  Older adults with multimorbidity often require care from different healthcare providers in several settings and are, therefore, susceptible to fragmented care. The risk for fragmented care is heightened when transitioning from hospital to home, leading to decreased health-related quality of life, increased readmission rates, decreased patient satisfaction and safety, and increased caregiver burden.  This study tested a novel integrated nurse-led intervention to improve the quality and experience of hospital-to-home transitions for older adults with depressive symptoms and multimorbidity. The intervention included usual care plus in-home visits and phone calls from a Registered Nurse (RN) over a 6-month period. The RN provided system navigation support, education, medication review, and evidence-based strategies to manage depressive symptoms and multimorbidity. \n\nMethods\n\nThis pragmatic randomized controlled trial examined the implementation, effectiveness and costs of an integrated nurse-led hospital-to-home transitional care intervention in three communities in Ontario, Canada.  Study participants (n=127) received the intervention (n=63) or usual care (n=64). Patient and caregiver partners were involved as co-researchers in designing, implementing and evaluating this project.  They informed selection of patient-relevant outcomes, development of study materials, adaptations to the intervention to meet local community needs, interpretation of findings, and knowledge translation. \n\nResults \n\nParticipants were an average age of 76 years and had an average of 8 chronic conditions.  Findings suggest that the intervention was feasible and acceptable to participants and providers. Intervention group participants received an average of 5 visits and 6 phone calls. Intention-to-treat analyses using ANCOVA models showed no statistically significant group differences in outcomes, however, in the intervention group the upper 95% confidence interval for the mean group difference showed greater clinically significant improvements in physical functioning.  Quantile regression showed that the intervention may result in greater improvements in physical functioning for individuals with lower levels of baseline physical functioning and higher levels of perceived social support.  No statistically significant group differences were observed for service use or costs.\n\nDiscussion\n\nSince low physical functioning and perceived social support are linked to higher rates of hospital readmissions and death, components of this intervention may be integral to creating an optimal integrated transitional care model for older adults with multimorbidity, depressive symptoms and lower levels of physical functioning.\n\nConclusions\n\nThe results of this study may inform the delivery of more integrated and coordinated patient-centred care to improve health outcomes in this vulnerable population.\n\nLessons learned\n\nOlder adults with multimorbidity and depressive symptoms transitioning from hospital-to-home are susceptible to adverse events as a result of a poorly designed healthcare system. This study established the feasibility of a new intervention that has the potential to enhance health outcomes in this vulnerable population. \n\nLimitations\n\nThe power of the study was not adequate to detect a significant difference due to sample size.\n\nSuggestions for future research  \n\nFuture research is warranted to test the intervention in other diverse settings and populations.",NA
"sr3_elicit_84","K. Brazil, Christopher Cardwell, G. Carter, Mike Clarke, D. Corry, T. Fahey, Patrick Gillespie, A. Hobbins, K. McGlade, Peter O’Halloran, N. O’Neill, E. Wallace, F. Doyle","2022","BMC Geriatrics","10.1186/s12877-022-03128-x","Anticipatory care planning for community-dwelling older adults at risk of functional decline: a feasibility cluster randomized controlled trial","elicit_ft_include, Excluded","elicit, syrf",NA,NA,NA,"Objectives\nTo determine the feasibility, implementation and outcomes of an Anticipatory Care Planning (ACP) intervention in primary care to assist older adults at risk of functional decline by developing a personalized support plan.\nDesign\nFeasibility cluster randomized control trial.\nSetting and participants\nEight primary care practices (four in Northern Ireland, United Kingdom and four in the Republic of Ireland) were randomly assigned to either intervention or control arm. Eligible patients were those identified in each practice as 70 years of age or older and assessed as at risk of functional decline. Study participants (intervention n = 34, control n = 31) and research staff were not blinded to group assignment.\nAnticipatory care intervention\nThe intervention delivered by a registered nurse including: a) a home-based patient assessment; b) care planning on the basis of a holistic patient assessment, and c) documentation of a support plan.\nOutcome measures\nA conceptual framework (RE-AIM) guided the assessment on the potential impact of the ACP intervention on patient quality of life, mental health, healthcare utilisation, costs, perception of person-centred care, and reduction of potentially inappropriate prescribing. Data were collected at baseline and at 10 weeks and six months following delivery of the intervention.\nResults\nAll pre-specified feasibility indicators were met. Patients were unanimous in the acceptance of the ACP intervention. Health care providers viewed the ACP intervention as feasible to implement in routine clinical practice with attending community supports. While there were no significant differences on the primary outcomes (EQ-5D-5L: -0.07 (-0.17, 0.04) p = .180; CES-D: 1.2 (-2.5, 4.8) p = .468) and most secondary measures, ancillary analysis on social support showed responsiveness to the intervention. Incremental cost analysis revealed a mean reduction in costs of €320 per patient (95% CI -31 to 25; p = 0.82) for intervention relative to the control.\nConclusions\nWe successfully tested the ACP intervention in primary care settings and have shown that it is feasible to implement. The ACP intervention deserves further testing in a definitive trial to determine whether its implementation would lead to better outcomes or reduced costs.",NA
"sr3_elicit_244","T. Smets, L. Pivodic, Rose Miranda, F. Van Campe, C. Vinckier, Barb Pesut, Wendy Duggleby, Andrew N Davies, A. Lavan, P. May, Barbara Gomes, Maja Furlan de Brito, V. Rodrigues, K. Szczerbińska, V. Kijowska, I. Barańska, Stefanie De Buyser, Davide Ferraris, S. Alfieri, B. Scacciati, H. Du Cheyne, K. Chambaere, J. Gilissen, A. V. D. van der Plas, R. Pasman, B. Onwuteaka-Philipsen, L. Van den Block","2024","Trials","10.1186/s13063-024-08633-5","Implementation and evaluation of a navigation program for people with cancer in old age and their family caregivers: study protocol for the EU NAVIGATE International Pragmatic Randomized Controlled Trial","elicit_ft_include, Excluded","elicit",NA,NA,NA,NA,NA
"sr3_elicit_303","Aditi Vasan, Molly Knowles, Shaun Flerchinger, Thomas K Tandy, David Mosen, Jessica Soltesz, Olivia Paradis, Nicole Friedman, Judith A Long, B. Ertz-Berger, S. Kangovi","2025","Journal of general internal medicine","10.1007/s11606-025-09495-6","Effects of a Standardized Community Health Worker Intervention on Health Care Utilization Within an Integrated Delivery System.","elicit_ft_include, Included","elicit",NA,NA,NA,NA,NA
"sr3_elicit_423","Véronique Orcel, Leon Banh, Sylvie Bastuji-Garin, Vincent Renard, Emmanuelle Boutin, Amel Gouja, P. Caillet, Elena Paillaud, Etienne Audureau, Emilie Ferrat","2024","BMC Medicine","10.1186/s12916-024-03613-7","Effectiveness of comprehensive geriatric assessment adapted to primary care when provided by a nurse or a general practitioner: the CEpiA cluster-randomised trial","elicit_ft_include, Excluded","elicit",NA,NA,NA,NA,NA
"sr3_elicit_455","Helen Lyndon, J. Latour, Jonathan Marsden, B. Kent","2023","Journal of Advanced Nursing","10.1111/jan.15652","A nurse-led comprehensive geriatric assessment intervention in primary care: A feasibility cluster randomized controlled trial.","elicit_ft_include, Excluded","elicit",NA,NA,NA,NA,NA
"sr3_elicit_53","Laetitia Hattingh, Melissa T. Baysari, Holly Foot, T. F. Sim, G. Keijzers, Mark Morgan, Ian Scott, R. Norman, Faith R. Yong, Barbara Mullan, Claire Jackson, Leslie E. Oldfield, Elizabeth Manias","2024","Trials","10.1186/s13063-024-08496-w","OPTimising MEDicine information handover after Discharge (OPTMED-D): protocol for development of a multifaceted intervention and stepped wedge cluster randomised controlled trial","elicit_ft_include, Excluded","elicit",NA,NA,NA,NA,NA
